id,season,city,date,match_type,player_of_match,venue,team1,team2,toss_winner,toss_decision,winner,result,result_margin,target_runs,target_overs,super_over,method,umpire1,umpire2,win_type,year,toss_win_match_win,total_runs,total_wickets,runs_1st_innings,runs_2nd_innings,wickets_1st_inning,wickets_2nd_inning,batting_first
335982,2007/08,Bangalore,2008-04-18,League,BB McCullum,M Chinnaswamy Stadium,Royal Challengers Bangalore,Kolkata Knight Riders,Royal Challengers Bangalore,field,Kolkata Knight Riders,runs,140.0,223.0,20.0,N,Normal Match,Asad Rauf,RE Koertzen,Defend,2008,False,304,13,222,82,3,10,0
335983,2007/08,Chandigarh,2008-04-19,League,MEK Hussey,"Punjab Cricket Association Stadium, Mohali",Kings XI Punjab,Chennai Super Kings,Chennai Super Kings,bat,Chennai Super Kings,runs,33.0,241.0,20.0,N,Normal Match,MR Benson,SL Shastri,Defend,2008,True,447,9,240,207,5,4,1
335984,2007/08,Delhi,2008-04-19,League,MF Maharoof,Feroz Shah Kotla,Delhi Daredevils,Rajasthan Royals,Rajasthan Royals,bat,Delhi Daredevils,wickets,9.0,130.0,20.0,N,Normal Match,Aleem Dar,GA Pratapkumar,Chase,2008,False,261,9,129,132,8,1,1
335985,2007/08,Mumbai,2008-04-20,League,MV Boucher,Wankhede Stadium,Mumbai Indians,Royal Challengers Bangalore,Mumbai Indians,bat,Royal Challengers Bangalore,wickets,5.0,166.0,20.0,N,Normal Match,SJ Davis,DJ Harper,Chase,2008,False,331,12,165,166,7,5,1
335986,2007/08,Kolkata,2008-04-20,League,DJ Hussey,Eden Gardens,Kolkata Knight Riders,Deccan Chargers,Deccan Chargers,bat,Kolkata Knight Riders,wickets,5.0,111.0,20.0,N,Normal Match,BF Bowden,K Hariharan,Chase,2008,False,222,15,110,112,10,5,1
335987,2007/08,Jaipur,2008-04-21,League,SR Watson,Sawai Mansingh Stadium,Rajasthan Royals,Kings XI Punjab,Kings XI Punjab,bat,Rajasthan Royals,wickets,6.0,167.0,20.0,N,Normal Match,Aleem Dar,RB Tiffin,Chase,2008,False,334,12,166,168,8,4,1
335988,2007/08,Hyderabad,2008-04-22,League,V Sehwag,"Rajiv Gandhi International Stadium, Uppal",Deccan Chargers,Delhi Daredevils,Deccan Chargers,bat,Delhi Daredevils,wickets,9.0,143.0,20.0,N,Normal Match,IL Howell,AM Saheba,Chase,2008,False,285,9,142,143,8,1,1
335989,2007/08,Chennai,2008-04-23,League,ML Hayden,"MA Chidambaram Stadium, Chepauk",Chennai Super Kings,Mumbai Indians,Mumbai Indians,field,Chennai Super Kings,runs,6.0,209.0,20.0,N,Normal Match,DJ Harper,GA Pratapkumar,Defend,2008,False,410,12,208,202,5,7,0
335990,2007/08,Hyderabad,2008-04-24,League,YK Pathan,"Rajiv Gandhi International Stadium, Uppal",Deccan Chargers,Rajasthan Royals,Rajasthan Royals,field,Rajasthan Royals,wickets,3.0,215.0,20.0,N,Normal Match,Asad Rauf,MR Benson,Chase,2008,True,431,12,214,217,5,7,0
335991,2007/08,Chandigarh,2008-04-25,League,KC Sangakkara,"Punjab Cricket Association Stadium, Mohali",Kings XI Punjab,Mumbai Indians,Mumbai Indians,field,Kings XI Punjab,runs,66.0,183.0,20.0,N,Normal Match,Aleem Dar,AM Saheba,Defend,2008,False,298,19,182,116,10,9,0
335992,2007/08,Bangalore,2008-04-26,League,SR Watson,M Chinnaswamy Stadium,Royal Challengers Bangalore,Rajasthan Royals,Rajasthan Royals,field,Rajasthan Royals,wickets,7.0,136.0,20.0,N,Normal Match,MR Benson,IL Howell,Chase,2008,True,273,11,135,138,8,3,0
335993,2007/08,Chennai,2008-04-26,League,JDP Oram,"MA Chidambaram Stadium, Chepauk",Chennai Super Kings,Kolkata Knight Riders,Kolkata Knight Riders,bat,Chennai Super Kings,wickets,9.0,148.0,20.0,N,Normal Match,BF Bowden,AV Jayaprakash,Chase,2008,False,299,10,147,152,9,1,1
335994,2007/08,Mumbai,2008-04-27,League,AC Gilchrist,Dr DY Patil Sports Academy,Mumbai Indians,Deccan Chargers,Deccan Chargers,field,Deccan Chargers,wickets,10.0,155.0,20.0,N,Normal Match,Asad Rauf,SL Shastri,Chase,2008,True,309,7,154,155,7,0,0
335995,2007/08,Chandigarh,2008-04-27,League,SM Katich,"Punjab Cricket Association Stadium, Mohali",Kings XI Punjab,Delhi Daredevils,Delhi Daredevils,bat,Kings XI Punjab,wickets,4.0,159.0,20.0,N,Normal Match,RE Koertzen,I Shivram,Chase,2008,False,320,14,158,162,8,6,1
335996,2007/08,Bangalore,2008-04-28,League,MS Dhoni,M Chinnaswamy Stadium,Royal Challengers Bangalore,Chennai Super Kings,Chennai Super Kings,bat,Chennai Super Kings,runs,13.0,179.0,20.0,N,Normal Match,BR Doctrove,RB Tiffin,Defend,2008,True,343,15,178,165,5,10,1
335997,2007/08,Kolkata,2008-04-29,League,ST Jayasuriya,Eden Gardens,Kolkata Knight Riders,Mumbai Indians,Kolkata Knight Riders,bat,Mumbai Indians,wickets,7.0,138.0,20.0,N,Normal Match,BF Bowden,AV Jayaprakash,Chase,2008,False,275,11,137,138,8,3,1
335998,2007/08,Delhi,2008-04-30,League,GD McGrath,Feroz Shah Kotla,Delhi Daredevils,Royal Challengers Bangalore,Royal Challengers Bangalore,field,Delhi Daredevils,runs,10.0,192.0,20.0,N,Normal Match,Aleem Dar,I Shivram,Defend,2008,False,372,10,191,181,5,5,0
335999,2007/08,Hyderabad,2008-05-01,League,SE Marsh,"Rajiv Gandhi International Stadium, Uppal",Deccan Chargers,Kings XI Punjab,Kings XI Punjab,field,Kings XI Punjab,wickets,7.0,165.0,20.0,N,Normal Match,BR Doctrove,RB Tiffin,Chase,2008,True,331,11,164,167,8,3,0
336000,2007/08,Jaipur,2008-05-01,League,SA Asnodkar,Sawai Mansingh Stadium,Rajasthan Royals,Kolkata Knight Riders,Rajasthan Royals,bat,Rajasthan Royals,runs,45.0,197.0,20.0,N,Normal Match,RE Koertzen,GA Pratapkumar,Defend,2008,True,347,17,196,151,7,10,1
336001,2007/08,Chennai,2008-05-02,League,V Sehwag,"MA Chidambaram Stadium, Chepauk",Chennai Super Kings,Delhi Daredevils,Chennai Super Kings,bat,Delhi Daredevils,wickets,8.0,170.0,20.0,N,Normal Match,BF Bowden,K Hariharan,Chase,2008,False,341,8,169,172,6,2,1
336003,2007/08,Chandigarh,2008-05-03,League,IK Pathan,"Punjab Cricket Association Stadium, Mohali",Kings XI Punjab,Kolkata Knight Riders,Kings XI Punjab,bat,Kings XI Punjab,runs,9.0,179.0,20.0,N,Normal Match,DJ Harper,I Shivram,Defend,2008,True,347,12,178,169,6,6,1
336034,2007/08,Bangalore,2008-05-03,League,P Kumar,M Chinnaswamy Stadium,Royal Challengers Bangalore,Deccan Chargers,Deccan Chargers,field,Royal Challengers Bangalore,runs,3.0,157.0,20.0,N,Normal Match,BR Doctrove,SL Shastri,Defend,2008,False,309,14,156,153,8,6,0
336004,2007/08,Mumbai,2008-05-04,League,SM Pollock,Dr DY Patil Sports Academy,Mumbai Indians,Delhi Daredevils,Delhi Daredevils,field,Mumbai Indians,runs,29.0,163.0,20.0,N,Normal Match,IL Howell,RE Koertzen,Defend,2008,False,295,18,162,133,8,10,0
336005,2007/08,Jaipur,2008-05-04,League,Sohail Tanvir,Sawai Mansingh Stadium,Rajasthan Royals,Chennai Super Kings,Chennai Super Kings,bat,Rajasthan Royals,wickets,8.0,110.0,20.0,N,Normal Match,Asad Rauf,AV Jayaprakash,Chase,2008,False,219,12,109,110,10,2,1
336006,2007/08,Bangalore,2008-05-05,League,S Sreesanth,M Chinnaswamy Stadium,Royal Challengers Bangalore,Kings XI Punjab,Kings XI Punjab,field,Kings XI Punjab,wickets,6.0,127.0,20.0,N,Normal Match,SJ Davis,BR Doctrove,Chase,2008,True,253,14,126,127,10,4,0
336007,2007/08,Chennai,2008-05-06,League,AC Gilchrist,"MA Chidambaram Stadium, Chepauk",Chennai Super Kings,Deccan Chargers,Deccan Chargers,field,Deccan Chargers,wickets,7.0,145.0,20.0,N,Normal Match,MR Benson,RB Tiffin,Chase,2008,True,292,10,144,148,7,3,0
336008,2007/08,Mumbai,2008-05-07,League,A Nehra,Dr DY Patil Sports Academy,Mumbai Indians,Rajasthan Royals,Mumbai Indians,field,Mumbai Indians,wickets,7.0,104.0,20.0,N,Normal Match,DJ Harper,RE Koertzen,Chase,2008,True,207,13,103,104,10,3,0
336009,2007/08,Delhi,2008-05-08,League,MS Dhoni,Feroz Shah Kotla,Delhi Daredevils,Chennai Super Kings,Chennai Super Kings,field,Chennai Super Kings,wickets,4.0,188.0,20.0,N,Normal Match,Aleem Dar,RB Tiffin,Chase,2008,True,375,11,187,188,5,6,0
336010,2007/08,Kolkata,2008-05-08,League,SC Ganguly,Eden Gardens,Kolkata Knight Riders,Royal Challengers Bangalore,Kolkata Knight Riders,bat,Kolkata Knight Riders,runs,5.0,130.0,16.0,N,Normal Match,Asad Rauf,IL Howell,Defend,2008,True,253,11,129,124,7,4,1
336011,2007/08,Jaipur,2008-05-09,League,YK Pathan,Sawai Mansingh Stadium,Rajasthan Royals,Deccan Chargers,Rajasthan Royals,field,Rajasthan Royals,wickets,8.0,141.0,20.0,N,Normal Match,MR Benson,AM Saheba,Chase,2008,True,281,10,140,141,8,2,0
336013,2007/08,Chennai,2008-05-10,League,L Balaji,"MA Chidambaram Stadium, Chepauk",Chennai Super Kings,Kings XI Punjab,Kings XI Punjab,field,Chennai Super Kings,runs,18.0,182.0,20.0,N,Normal Match,AV Jayaprakash,BG Jerling,Defend,2008,False,344,13,181,163,4,9,0
336014,2007/08,Hyderabad,2008-05-11,League,SC Ganguly,"Rajiv Gandhi International Stadium, Uppal",Deccan Chargers,Kolkata Knight Riders,Kolkata Knight Riders,bat,Kolkata Knight Riders,runs,23.0,205.0,20.0,N,Normal Match,IL Howell,AM Saheba,Defend,2008,True,385,11,204,181,4,7,1
336015,2007/08,Jaipur,2008-05-11,League,SR Watson,Sawai Mansingh Stadium,Rajasthan Royals,Delhi Daredevils,Rajasthan Royals,field,Rajasthan Royals,wickets,3.0,157.0,20.0,N,Normal Match,SJ Davis,RE Koertzen,Chase,2008,True,315,14,156,159,7,7,0
336016,2007/08,Chandigarh,2008-05-12,League,SE Marsh,"Punjab Cricket Association Stadium, Mohali",Kings XI Punjab,Royal Challengers Bangalore,Royal Challengers Bangalore,bat,Kings XI Punjab,wickets,9.0,144.0,20.0,N,Normal Match,BR Doctrove,I Shivram,Chase,2008,False,287,9,143,144,8,1,1
336017,2007/08,Kolkata,2008-05-13,League,Shoaib Akhtar,Eden Gardens,Kolkata Knight Riders,Delhi Daredevils,Kolkata Knight Riders,bat,Kolkata Knight Riders,runs,23.0,134.0,20.0,N,Normal Match,Asad Rauf,IL Howell,Defend,2008,True,243,16,133,110,6,10,1
336018,2007/08,Mumbai,2008-05-14,League,ST Jayasuriya,Wankhede Stadium,Mumbai Indians,Chennai Super Kings,Mumbai Indians,field,Mumbai Indians,wickets,9.0,157.0,20.0,N,Normal Match,BR Doctrove,AM Saheba,Chase,2008,True,314,7,156,158,6,1,0
336020,2007/08,Delhi,2008-05-15,League,A Mishra,Feroz Shah Kotla,Delhi Daredevils,Deccan Chargers,Deccan Chargers,field,Delhi Daredevils,runs,12.0,195.0,20.0,N,Normal Match,BG Jerling,GA Pratapkumar,Defend,2008,False,376,13,194,182,4,9,0
336021,2007/08,Mumbai,2008-05-16,League,SM Pollock,Wankhede Stadium,Mumbai Indians,Kolkata Knight Riders,Mumbai Indians,field,Mumbai Indians,wickets,8.0,68.0,20.0,N,Normal Match,BR Doctrove,DJ Harper,Chase,2008,True,135,12,67,68,10,2,0
336022,2007/08,Delhi,2008-05-17,League,DPMD Jayawardene,Feroz Shah Kotla,Delhi Daredevils,Kings XI Punjab,Delhi Daredevils,bat,Kings XI Punjab,runs,6.0,89.0,8.0,N,D/L,AV Jayaprakash,RE Koertzen,Defend,2008,False,212,7,118,94,4,3,1
336023,2007/08,Jaipur,2008-05-17,League,GC Smith,Sawai Mansingh Stadium,Rajasthan Royals,Royal Challengers Bangalore,Royal Challengers Bangalore,field,Rajasthan Royals,runs,65.0,198.0,20.0,N,Normal Match,BF Bowden,SL Shastri,Defend,2008,False,329,10,197,132,1,9,0
336024,2007/08,Hyderabad,2008-05-18,League,DJ Bravo,"Rajiv Gandhi International Stadium, Uppal",Deccan Chargers,Mumbai Indians,Deccan Chargers,field,Mumbai Indians,runs,25.0,179.0,20.0,N,Normal Match,BR Doctrove,DJ Harper,Defend,2008,False,331,14,178,153,7,7,0
336025,2007/08,Kolkata,2008-05-18,League,M Ntini,Eden Gardens,Kolkata Knight Riders,Chennai Super Kings,Kolkata Knight Riders,bat,Chennai Super Kings,runs,3.0,53.0,8.0,N,D/L,Asad Rauf,K Hariharan,Defend,2008,False,204,5,149,55,5,0,1
336026,2007/08,Bangalore,2008-05-19,League,SP Goswami,M Chinnaswamy Stadium,Royal Challengers Bangalore,Delhi Daredevils,Delhi Daredevils,field,Delhi Daredevils,wickets,5.0,155.0,20.0,N,Normal Match,SJ Davis,GA Pratapkumar,Chase,2008,True,312,12,154,158,7,5,0
336027,2007/08,Kolkata,2008-05-20,League,YK Pathan,Eden Gardens,Kolkata Knight Riders,Rajasthan Royals,Rajasthan Royals,field,Rajasthan Royals,wickets,6.0,148.0,20.0,N,Normal Match,BG Jerling,RE Koertzen,Chase,2008,True,297,12,147,150,8,4,0
336028,2007/08,Mumbai,2008-05-21,League,SE Marsh,Wankhede Stadium,Mumbai Indians,Kings XI Punjab,Mumbai Indians,field,Kings XI Punjab,runs,1.0,190.0,20.0,N,Normal Match,BF Bowden,GA Pratapkumar,Defend,2008,False,377,14,189,188,4,10,0
336029,2007/08,Chennai,2008-05-21,League,A Kumble,"MA Chidambaram Stadium, Chepauk",Chennai Super Kings,Royal Challengers Bangalore,Royal Challengers Bangalore,bat,Royal Challengers Bangalore,runs,14.0,127.0,20.0,N,Normal Match,DJ Harper,I Shivram,Defend,2008,True,238,16,126,112,8,8,1
336031,2007/08,Chandigarh,2008-05-23,League,SE Marsh,"Punjab Cricket Association Stadium, Mohali",Kings XI Punjab,Deccan Chargers,Kings XI Punjab,field,Kings XI Punjab,wickets,6.0,176.0,20.0,N,Normal Match,Asad Rauf,SJ Davis,Chase,2008,True,353,8,175,178,4,4,0
336032,2007/08,Delhi,2008-05-24,League,KD Karthik,Feroz Shah Kotla,Delhi Daredevils,Mumbai Indians,Delhi Daredevils,field,Delhi Daredevils,wickets,5.0,177.0,20.0,N,Normal Match,BF Bowden,K Hariharan,Chase,2008,True,355,13,176,179,8,5,0
336033,2007/08,Chennai,2008-05-24,League,JA Morkel,"MA Chidambaram Stadium, Chepauk",Chennai Super Kings,Rajasthan Royals,Rajasthan Royals,bat,Rajasthan Royals,runs,10.0,212.0,20.0,N,Normal Match,DJ Harper,SL Shastri,Defend,2008,True,412,12,211,201,5,7,1
336002,2007/08,Hyderabad,2008-05-25,League,R Vinay Kumar,"Rajiv Gandhi International Stadium, Uppal",Deccan Chargers,Royal Challengers Bangalore,Deccan Chargers,bat,Royal Challengers Bangalore,wickets,5.0,166.0,20.0,N,Normal Match,Asad Rauf,RE Koertzen,Chase,2008,False,336,15,165,171,10,5,1
336035,2007/08,Kolkata,2008-05-25,League,Umar Gul,Eden Gardens,Kolkata Knight Riders,Kings XI Punjab,Kings XI Punjab,bat,Kolkata Knight Riders,wickets,3.0,175.0,20.0,N,Normal Match,SJ Davis,I Shivram,Chase,2008,False,349,13,174,175,6,7,1
336036,2007/08,Jaipur,2008-05-26,League,Sohail Tanvir,Sawai Mansingh Stadium,Rajasthan Royals,Mumbai Indians,Rajasthan Royals,field,Rajasthan Royals,wickets,5.0,146.0,20.0,N,Normal Match,BF Bowden,K Hariharan,Chase,2008,True,291,12,145,146,7,5,0
336037,2007/08,Hyderabad,2008-05-27,League,SK Raina,"Rajiv Gandhi International Stadium, Uppal",Deccan Chargers,Chennai Super Kings,Deccan Chargers,bat,Chennai Super Kings,wickets,7.0,148.0,20.0,N,Normal Match,BG Jerling,AM Saheba,Chase,2008,False,295,11,147,148,8,3,1
336012,2007/08,Bangalore,2008-05-28,League,CRD Fernando,M Chinnaswamy Stadium,Royal Challengers Bangalore,Mumbai Indians,Mumbai Indians,field,Mumbai Indians,wickets,9.0,123.0,18.0,N,Normal Match,BF Bowden,AV Jayaprakash,Chase,2008,True,248,10,122,126,9,1,0
336019,2007/08,Chandigarh,2008-05-28,League,SE Marsh,"Punjab Cricket Association Stadium, Mohali",Kings XI Punjab,Rajasthan Royals,Rajasthan Royals,field,Kings XI Punjab,runs,41.0,222.0,20.0,N,Normal Match,SJ Davis,K Hariharan,Defend,2008,False,401,10,221,180,3,7,0
336038,2007/08,Mumbai,2008-05-30,Semi Final,SR Watson,Wankhede Stadium,Delhi Daredevils,Rajasthan Royals,Delhi Daredevils,field,Rajasthan Royals,runs,105.0,193.0,20.0,N,Normal Match,BF Bowden,RE Koertzen,Defend,2008,False,279,19,192,87,9,10,0
336039,2007/08,Mumbai,2008-05-31,Semi Final,M Ntini,Wankhede Stadium,Chennai Super Kings,Kings XI Punjab,Kings XI Punjab,bat,Chennai Super Kings,wickets,9.0,113.0,20.0,N,Normal Match,Asad Rauf,DJ Harper,Chase,2008,False,228,9,112,116,8,1,1
336040,2007/08,Mumbai,2008-06-01,Final,YK Pathan,Dr DY Patil Sports Academy,Chennai Super Kings,Rajasthan Royals,Rajasthan Royals,field,Rajasthan Royals,wickets,3.0,164.0,20.0,N,Normal Match,BF Bowden,RE Koertzen,Chase,2008,True,327,12,163,164,5,7,0
392181,2009,Cape Town,2009-04-18,League,SR Tendulkar,Newlands,Chennai Super Kings,Mumbai Indians,Chennai Super Kings,field,Mumbai Indians,runs,19.0,166.0,20.0,N,Normal Match,BR Doctrove,K Hariharan,Defend,2009,False,311,14,165,146,7,7,0
392182,2009,Cape Town,2009-04-18,League,R Dravid,Newlands,Royal Challengers Bangalore,Rajasthan Royals,Royal Challengers Bangalore,bat,Royal Challengers Bangalore,runs,75.0,134.0,20.0,N,Normal Match,BR Doctrove,RB Tiffin,Defend,2009,True,191,18,133,58,8,10,1
392183,2009,Cape Town,2009-04-19,League,DL Vettori,Newlands,Delhi Daredevils,Kings XI Punjab,Delhi Daredevils,field,Delhi Daredevils,wickets,10.0,54.0,6.0,N,D/L,MR Benson,SD Ranade,Chase,2009,True,162,7,104,58,7,0,0
392184,2009,Cape Town,2009-04-19,League,RP Singh,Newlands,Deccan Chargers,Kolkata Knight Riders,Kolkata Knight Riders,bat,Deccan Chargers,wickets,8.0,102.0,20.0,N,Normal Match,MR Benson,BR Doctrove,Chase,2009,False,205,12,101,104,10,2,1
392185,2009,Port Elizabeth,2009-04-20,League,M Muralitharan,St George's Park,Royal Challengers Bangalore,Chennai Super Kings,Chennai Super Kings,bat,Chennai Super Kings,runs,92.0,180.0,20.0,N,Normal Match,BG Jerling,SJA Taufel,Defend,2009,True,266,15,179,87,5,10,1
392186,2009,Durban,2009-04-21,League,CH Gayle,Kingsmead,Kings XI Punjab,Kolkata Knight Riders,Kolkata Knight Riders,field,Kolkata Knight Riders,runs,11.0,69.0,9.2,N,D/L,DJ Harper,SD Ranade,Defend,2009,True,237,7,158,79,6,1,0
392188,2009,Cape Town,2009-04-22,League,AC Gilchrist,Newlands,Royal Challengers Bangalore,Deccan Chargers,Deccan Chargers,bat,Deccan Chargers,runs,24.0,185.0,20.0,N,Normal Match,M Erasmus,AM Saheba,Defend,2009,True,344,14,184,160,6,8,1
392189,2009,Durban,2009-04-23,League,AB de Villiers,Kingsmead,Chennai Super Kings,Delhi Daredevils,Delhi Daredevils,bat,Delhi Daredevils,runs,9.0,190.0,20.0,N,Normal Match,BR Doctrove,SJA Taufel,Defend,2009,True,369,14,189,180,5,9,1
392190,2009,Cape Town,2009-04-23,League,YK Pathan,Newlands,Kolkata Knight Riders,Rajasthan Royals,Kolkata Knight Riders,field,Rajasthan Royals,tie,No Result,151.0,20.0,Y,Normal Match,MR Benson,M Erasmus,No Result,2009,False,333,15,150,150,6,8,0
392191,2009,Durban,2009-04-24,League,RS Bopara,Kingsmead,Royal Challengers Bangalore,Kings XI Punjab,Royal Challengers Bangalore,bat,Kings XI Punjab,wickets,7.0,169.0,20.0,N,Normal Match,BR Doctrove,TH Wijewardene,Chase,2009,False,341,12,168,173,9,3,1
392192,2009,Durban,2009-04-25,League,PP Ojha,Kingsmead,Deccan Chargers,Mumbai Indians,Deccan Chargers,bat,Deccan Chargers,runs,12.0,169.0,20.0,N,Normal Match,HDPK Dharmasena,SJA Taufel,Defend,2009,True,324,16,168,156,9,7,1
392194,2009,Port Elizabeth,2009-04-26,League,TM Dilshan,St George's Park,Royal Challengers Bangalore,Delhi Daredevils,Royal Challengers Bangalore,bat,Delhi Daredevils,wickets,6.0,150.0,20.0,N,Normal Match,S Asnani,BG Jerling,Chase,2009,False,299,11,149,150,7,4,1
392195,2009,Cape Town,2009-04-26,League,KC Sangakkara,Newlands,Kings XI Punjab,Rajasthan Royals,Kings XI Punjab,bat,Kings XI Punjab,runs,27.0,140.0,20.0,N,Normal Match,M Erasmus,K Hariharan,Defend,2009,True,251,13,139,112,6,7,1
392196,2009,Durban,2009-04-27,League,HH Gibbs,Kingsmead,Chennai Super Kings,Deccan Chargers,Deccan Chargers,field,Deccan Chargers,wickets,6.0,166.0,20.0,N,Normal Match,IL Howell,TH Wijewardene,Chase,2009,True,334,10,165,169,6,4,0
392197,2009,Port Elizabeth,2009-04-27,League,SR Tendulkar,St George's Park,Kolkata Knight Riders,Mumbai Indians,Mumbai Indians,bat,Mumbai Indians,runs,92.0,188.0,20.0,N,Normal Match,BG Jerling,RB Tiffin,Defend,2009,True,282,15,187,95,6,9,1
392198,2009,Centurion,2009-04-28,League,YK Pathan,SuperSport Park,Delhi Daredevils,Rajasthan Royals,Delhi Daredevils,bat,Rajasthan Royals,wickets,5.0,144.0,20.0,N,Normal Match,GAV Baxter,RE Koertzen,Chase,2009,False,290,12,143,147,7,5,1
392199,2009,Durban,2009-04-29,League,MV Boucher,Kingsmead,Royal Challengers Bangalore,Kolkata Knight Riders,Kolkata Knight Riders,bat,Royal Challengers Bangalore,wickets,5.0,140.0,20.0,N,Normal Match,MR Benson,TH Wijewardene,Chase,2009,False,282,11,139,143,6,5,1
392200,2009,Durban,2009-04-29,League,KC Sangakkara,Kingsmead,Kings XI Punjab,Mumbai Indians,Kings XI Punjab,bat,Kings XI Punjab,runs,3.0,120.0,20.0,N,Normal Match,MR Benson,SL Shastri,Defend,2009,True,235,15,119,116,8,7,1
392201,2009,Centurion,2009-04-30,League,DP Nannes,SuperSport Park,Deccan Chargers,Delhi Daredevils,Delhi Daredevils,field,Delhi Daredevils,wickets,6.0,149.0,20.0,N,Normal Match,GAV Baxter,AM Saheba,Chase,2009,True,298,13,148,150,9,4,0
392202,2009,Centurion,2009-04-30,League,SK Raina,SuperSport Park,Chennai Super Kings,Rajasthan Royals,Rajasthan Royals,field,Chennai Super Kings,runs,38.0,165.0,20.0,N,Normal Match,GAV Baxter,RE Koertzen,Defend,2009,False,290,14,164,126,5,9,0
392203,2009,East London,2009-05-01,League,JP Duminy,Buffalo Park,Kolkata Knight Riders,Mumbai Indians,Mumbai Indians,bat,Mumbai Indians,runs,9.0,149.0,20.0,N,Normal Match,M Erasmus,SK Tarapore,Defend,2009,True,287,12,148,139,6,6,1
392204,2009,Durban,2009-05-01,League,Yuvraj Singh,Kingsmead,Royal Challengers Bangalore,Kings XI Punjab,Royal Challengers Bangalore,bat,Royal Challengers Bangalore,runs,8.0,146.0,20.0,N,Normal Match,HDPK Dharmasena,S Ravi,Defend,2009,True,282,16,145,137,9,7,1
392205,2009,Port Elizabeth,2009-05-02,League,YK Pathan,St George's Park,Deccan Chargers,Rajasthan Royals,Deccan Chargers,bat,Rajasthan Royals,wickets,3.0,142.0,20.0,N,Normal Match,S Asnani,BG Jerling,Chase,2009,False,283,12,141,142,5,7,1
392206,2009,Johannesburg,2009-05-02,League,SB Jakati,New Wanderers Stadium,Chennai Super Kings,Delhi Daredevils,Delhi Daredevils,field,Chennai Super Kings,runs,18.0,164.0,20.0,N,Normal Match,DJ Harper,RE Koertzen,Defend,2009,False,308,18,163,145,10,8,0
392207,2009,Port Elizabeth,2009-05-03,League,DPMD Jayawardene,St George's Park,Kings XI Punjab,Kolkata Knight Riders,Kolkata Knight Riders,bat,Kings XI Punjab,wickets,6.0,154.0,20.0,N,Normal Match,S Asnani,MR Benson,Chase,2009,False,307,7,153,154,3,4,1
392208,2009,Johannesburg,2009-05-03,League,JH Kallis,New Wanderers Stadium,Royal Challengers Bangalore,Mumbai Indians,Mumbai Indians,bat,Royal Challengers Bangalore,wickets,9.0,150.0,20.0,N,Normal Match,RE Koertzen,TH Wijewardene,Chase,2009,False,299,5,149,150,4,1,1
392209,2009,East London,2009-05-04,League,MS Dhoni,Buffalo Park,Chennai Super Kings,Deccan Chargers,Chennai Super Kings,bat,Chennai Super Kings,runs,78.0,179.0,20.0,N,Normal Match,BR Doctrove,M Erasmus,Defend,2009,True,278,13,178,100,3,10,1
392210,2009,Durban,2009-05-05,League,GC Smith,Kingsmead,Kings XI Punjab,Rajasthan Royals,Kings XI Punjab,field,Rajasthan Royals,runs,78.0,212.0,20.0,N,Normal Match,SS Hazare,IL Howell,Defend,2009,False,344,12,211,133,4,8,0
392211,2009,Durban,2009-05-05,League,G Gambhir,Kingsmead,Delhi Daredevils,Kolkata Knight Riders,Kolkata Knight Riders,bat,Delhi Daredevils,wickets,9.0,155.0,20.0,N,Normal Match,GAV Baxter,IL Howell,Chase,2009,False,311,4,154,157,3,1,1
392212,2009,Centurion,2009-05-06,League,RG Sharma,SuperSport Park,Deccan Chargers,Mumbai Indians,Deccan Chargers,bat,Deccan Chargers,runs,19.0,146.0,20.0,N,Normal Match,MR Benson,HDPK Dharmasena,Defend,2009,True,271,14,145,126,6,8,1
392213,2009,Centurion,2009-05-07,League,A Singh,SuperSport Park,Royal Challengers Bangalore,Rajasthan Royals,Rajasthan Royals,field,Rajasthan Royals,wickets,7.0,106.0,20.0,N,Normal Match,K Hariharan,DJ Harper,Chase,2009,True,212,13,105,107,10,3,0
392214,2009,Centurion,2009-05-07,League,ML Hayden,SuperSport Park,Chennai Super Kings,Kings XI Punjab,Chennai Super Kings,bat,Chennai Super Kings,runs,12.0,187.0,18.0,N,D/L,DJ Harper,TH Wijewardene,Defend,2009,True,359,6,185,174,3,3,1
392215,2009,East London,2009-05-08,League,A Nehra,Buffalo Park,Delhi Daredevils,Mumbai Indians,Mumbai Indians,bat,Delhi Daredevils,wickets,7.0,117.0,20.0,N,Normal Match,M Erasmus,SK Tarapore,Chase,2009,False,234,13,116,118,10,3,1
392216,2009,Kimberley,2009-05-09,League,DPMD Jayawardene,De Beers Diamond Oval,Deccan Chargers,Kings XI Punjab,Kings XI Punjab,field,Kings XI Punjab,wickets,3.0,169.0,20.0,N,Normal Match,GAV Baxter,AM Saheba,Chase,2009,True,337,12,168,169,5,7,0
392217,2009,Kimberley,2009-05-09,League,S Badrinath,De Beers Diamond Oval,Chennai Super Kings,Rajasthan Royals,Rajasthan Royals,bat,Chennai Super Kings,wickets,7.0,141.0,20.0,N,Normal Match,GAV Baxter,HDPK Dharmasena,Chase,2009,False,281,10,140,141,7,3,1
392218,2009,Port Elizabeth,2009-05-10,League,JP Duminy,St George's Park,Royal Challengers Bangalore,Mumbai Indians,Mumbai Indians,bat,Mumbai Indians,runs,16.0,158.0,20.0,N,Normal Match,BR Doctrove,BG Jerling,Defend,2009,True,298,9,157,141,2,7,1
392219,2009,Johannesburg,2009-05-10,League,A Mishra,New Wanderers Stadium,Delhi Daredevils,Kolkata Knight Riders,Delhi Daredevils,field,Delhi Daredevils,wickets,7.0,124.0,20.0,N,Normal Match,SL Shastri,RB Tiffin,Chase,2009,True,248,11,123,125,8,3,0
392220,2009,Kimberley,2009-05-11,League,DR Smith,De Beers Diamond Oval,Deccan Chargers,Rajasthan Royals,Deccan Chargers,bat,Deccan Chargers,runs,53.0,167.0,20.0,N,Normal Match,GAV Baxter,HDPK Dharmasena,Defend,2009,True,279,17,166,113,7,10,1
392221,2009,Centurion,2009-05-12,League,LRPL Taylor,SuperSport Park,Royal Challengers Bangalore,Kolkata Knight Riders,Royal Challengers Bangalore,field,Royal Challengers Bangalore,wickets,6.0,174.0,20.0,N,Normal Match,M Erasmus,SS Hazare,Chase,2009,True,349,8,173,176,4,4,0
392222,2009,Centurion,2009-05-12,League,Harbhajan Singh,SuperSport Park,Kings XI Punjab,Mumbai Indians,Kings XI Punjab,bat,Mumbai Indians,wickets,8.0,120.0,20.0,N,Normal Match,SS Hazare,RE Koertzen,Chase,2009,False,241,11,119,122,9,2,1
392223,2009,Durban,2009-05-13,League,R Bhatia,Kingsmead,Deccan Chargers,Delhi Daredevils,Deccan Chargers,field,Delhi Daredevils,runs,12.0,174.0,20.0,N,Normal Match,DJ Harper,SL Shastri,Defend,2009,False,334,17,173,161,7,10,0
392224,2009,Durban,2009-05-14,League,LRPL Taylor,Kingsmead,Royal Challengers Bangalore,Chennai Super Kings,Chennai Super Kings,bat,Royal Challengers Bangalore,wickets,2.0,130.0,20.0,N,Normal Match,BR Doctrove,DJ Harper,Chase,2009,False,261,18,129,132,10,8,1
392225,2009,Durban,2009-05-14,League,SK Warne,Kingsmead,Mumbai Indians,Rajasthan Royals,Rajasthan Royals,bat,Rajasthan Royals,runs,2.0,146.0,20.0,N,Normal Match,BR Doctrove,DJ Harper,Defend,2009,True,288,17,145,143,7,10,1
392226,2009,Bloemfontein,2009-05-15,League,B Lee,OUTsurance Oval,Delhi Daredevils,Kings XI Punjab,Kings XI Punjab,field,Kings XI Punjab,wickets,6.0,121.0,20.0,N,Normal Match,HDPK Dharmasena,IL Howell,Chase,2009,True,243,13,120,123,9,4,0
392227,2009,Port Elizabeth,2009-05-16,League,ML Hayden,St George's Park,Chennai Super Kings,Mumbai Indians,Mumbai Indians,bat,Chennai Super Kings,wickets,7.0,148.0,20.0,N,Normal Match,SK Tarapore,SJA Taufel,Chase,2009,False,298,8,147,151,5,3,1
392228,2009,Johannesburg,2009-05-16,League,RG Sharma,New Wanderers Stadium,Deccan Chargers,Kolkata Knight Riders,Deccan Chargers,field,Deccan Chargers,wickets,6.0,161.0,20.0,N,Normal Match,RE Koertzen,S Ravi,Chase,2009,True,326,9,160,166,5,4,0
392229,2009,Johannesburg,2009-05-17,League,Yuvraj Singh,New Wanderers Stadium,Deccan Chargers,Kings XI Punjab,Deccan Chargers,field,Kings XI Punjab,runs,1.0,135.0,20.0,N,Normal Match,S Ravi,RB Tiffin,Defend,2009,False,267,15,134,133,7,8,0
392230,2009,Bloemfontein,2009-05-17,League,AB de Villiers,OUTsurance Oval,Delhi Daredevils,Rajasthan Royals,Delhi Daredevils,bat,Delhi Daredevils,runs,14.0,151.0,20.0,N,Normal Match,SS Hazare,IL Howell,Defend,2009,True,286,12,150,136,3,9,1
392231,2009,Centurion,2009-05-18,League,BJ Hodge,SuperSport Park,Chennai Super Kings,Kolkata Knight Riders,Chennai Super Kings,bat,Kolkata Knight Riders,wickets,7.0,189.0,20.0,N,Normal Match,SJA Taufel,RB Tiffin,Chase,2009,False,377,6,188,189,3,3,1
392232,2009,Johannesburg,2009-05-19,League,JH Kallis,New Wanderers Stadium,Royal Challengers Bangalore,Delhi Daredevils,Delhi Daredevils,bat,Royal Challengers Bangalore,wickets,7.0,135.0,20.0,N,Normal Match,IL Howell,RB Tiffin,Chase,2009,False,269,10,134,135,7,3,1
392233,2009,Durban,2009-05-20,League,LR Shukla,Kingsmead,Kolkata Knight Riders,Rajasthan Royals,Kolkata Knight Riders,field,Kolkata Knight Riders,wickets,4.0,102.0,20.0,N,Normal Match,BG Jerling,SJA Taufel,Chase,2009,True,203,15,101,102,9,6,0
392234,2009,Durban,2009-05-20,League,M Muralitharan,Kingsmead,Chennai Super Kings,Kings XI Punjab,Chennai Super Kings,bat,Chennai Super Kings,runs,24.0,117.0,20.0,N,Normal Match,BG Jerling,SJA Taufel,Defend,2009,True,208,17,116,92,9,8,1
392235,2009,Centurion,2009-05-21,League,V Sehwag,SuperSport Park,Delhi Daredevils,Mumbai Indians,Delhi Daredevils,field,Delhi Daredevils,wickets,4.0,166.0,20.0,N,Normal Match,IL Howell,S Ravi,Chase,2009,True,331,14,165,166,8,6,0
392236,2009,Centurion,2009-05-21,League,MK Pandey,SuperSport Park,Royal Challengers Bangalore,Deccan Chargers,Royal Challengers Bangalore,bat,Royal Challengers Bangalore,runs,12.0,171.0,20.0,N,Normal Match,IL Howell,S Ravi,Defend,2009,True,328,10,170,158,4,6,1
392237,2009,Centurion,2009-05-22,Semi Final,AC Gilchrist,SuperSport Park,Delhi Daredevils,Deccan Chargers,Deccan Chargers,field,Deccan Chargers,wickets,6.0,154.0,20.0,N,Normal Match,BR Doctrove,DJ Harper,Chase,2009,True,307,12,153,154,8,4,0
392238,2009,Johannesburg,2009-05-23,Semi Final,MK Pandey,New Wanderers Stadium,Royal Challengers Bangalore,Chennai Super Kings,Royal Challengers Bangalore,field,Royal Challengers Bangalore,wickets,6.0,147.0,20.0,N,Normal Match,RE Koertzen,SJA Taufel,Chase,2009,True,295,9,146,149,5,4,0
392239,2009,Johannesburg,2009-05-24,Final,A Kumble,New Wanderers Stadium,Royal Challengers Bangalore,Deccan Chargers,Royal Challengers Bangalore,field,Deccan Chargers,runs,6.0,144.0,20.0,N,Normal Match,RE Koertzen,SJA Taufel,Defend,2009,False,280,15,143,137,6,9,0
419106,2009/10,Mumbai,2010-03-12,League,AD Mathews,Dr DY Patil Sports Academy,Deccan Chargers,Kolkata Knight Riders,Deccan Chargers,field,Kolkata Knight Riders,runs,11.0,162.0,20.0,N,Normal Match,RE Koertzen,RB Tiffin,Defend,2010,False,311,11,161,150,4,7,0
419107,2009/10,Mumbai,2010-03-13,League,YK Pathan,Brabourne Stadium,Mumbai Indians,Rajasthan Royals,Mumbai Indians,bat,Mumbai Indians,runs,4.0,213.0,20.0,N,Normal Match,RE Koertzen,RB Tiffin,Defend,2010,True,420,14,212,208,7,7,1
419108,2009/10,Chandigarh,2010-03-13,League,G Gambhir,"Punjab Cricket Association Stadium, Mohali",Kings XI Punjab,Delhi Daredevils,Delhi Daredevils,field,Delhi Daredevils,wickets,5.0,143.0,20.0,N,Normal Match,BR Doctrove,S Ravi,Chase,2010,True,288,14,142,146,9,5,0
419109,2009/10,Kolkata,2010-03-14,League,MK Tiwary,Eden Gardens,Kolkata Knight Riders,Royal Challengers Bangalore,Kolkata Knight Riders,field,Kolkata Knight Riders,wickets,7.0,136.0,20.0,N,Normal Match,HDPK Dharmasena,AM Saheba,Chase,2010,True,271,10,135,136,7,3,0
419110,2009/10,Chennai,2010-03-14,League,WPUJC Vaas,"MA Chidambaram Stadium, Chepauk",Chennai Super Kings,Deccan Chargers,Deccan Chargers,bat,Deccan Chargers,runs,31.0,191.0,20.0,N,Normal Match,K Hariharan,DJ Harper,Defend,2010,True,349,13,190,159,4,9,1
419111,2009/10,Ahmedabad,2010-03-15,League,V Sehwag,"Sardar Patel Stadium, Motera",Rajasthan Royals,Delhi Daredevils,Delhi Daredevils,field,Delhi Daredevils,wickets,6.0,142.0,20.0,N,Normal Match,BG Jerling,RE Koertzen,Chase,2010,True,283,10,141,142,6,4,0
419112,2009/10,Bangalore,2010-03-16,League,JH Kallis,M Chinnaswamy Stadium,Royal Challengers Bangalore,Kings XI Punjab,Kings XI Punjab,bat,Royal Challengers Bangalore,wickets,8.0,204.0,20.0,N,Normal Match,S Das,DJ Harper,Chase,2010,False,407,5,203,204,3,2,1
419113,2009/10,Kolkata,2010-03-16,League,MS Dhoni,Eden Gardens,Kolkata Knight Riders,Chennai Super Kings,Chennai Super Kings,bat,Chennai Super Kings,runs,55.0,165.0,20.0,N,Normal Match,HDPK Dharmasena,AM Saheba,Defend,2010,True,273,13,164,109,3,10,1
419114,2009/10,Delhi,2010-03-17,League,SR Tendulkar,Feroz Shah Kotla,Delhi Daredevils,Mumbai Indians,Delhi Daredevils,field,Mumbai Indians,runs,98.0,219.0,20.0,N,Normal Match,BR Doctrove,SK Tarapore,Defend,2010,False,338,16,218,120,7,9,0
419115,2009/10,Bangalore,2010-03-18,League,JH Kallis,M Chinnaswamy Stadium,Royal Challengers Bangalore,Rajasthan Royals,Royal Challengers Bangalore,field,Royal Challengers Bangalore,wickets,10.0,93.0,20.0,N,Normal Match,K Hariharan,DJ Harper,Chase,2010,True,185,10,92,93,10,0,0
419116,2009/10,Delhi,2010-03-19,League,ML Hayden,Feroz Shah Kotla,Delhi Daredevils,Chennai Super Kings,Delhi Daredevils,bat,Chennai Super Kings,wickets,5.0,186.0,20.0,N,Normal Match,BR Doctrove,SK Tarapore,Chase,2010,False,375,11,185,190,6,5,1
419117,2009/10,Cuttack,2010-03-19,League,A Symonds,Barabati Stadium,Deccan Chargers,Kings XI Punjab,Kings XI Punjab,field,Deccan Chargers,runs,6.0,171.0,20.0,N,Normal Match,BF Bowden,M Erasmus,Defend,2010,False,334,16,170,164,8,8,0
419118,2009/10,Ahmedabad,2010-03-20,League,AA Jhunjhunwala,"Sardar Patel Stadium, Motera",Rajasthan Royals,Kolkata Knight Riders,Rajasthan Royals,bat,Rajasthan Royals,runs,34.0,169.0,20.0,N,Normal Match,RE Koertzen,RB Tiffin,Defend,2010,True,302,12,168,134,7,5,1
419119,2009/10,Mumbai,2010-03-20,League,JH Kallis,Brabourne Stadium,Mumbai Indians,Royal Challengers Bangalore,Mumbai Indians,bat,Royal Challengers Bangalore,wickets,7.0,152.0,20.0,N,Normal Match,HDPK Dharmasena,SS Hazare,Chase,2010,False,306,12,151,155,9,3,1
419120,2009/10,Cuttack,2010-03-21,League,A Symonds,Barabati Stadium,Deccan Chargers,Delhi Daredevils,Deccan Chargers,bat,Deccan Chargers,runs,10.0,172.0,20.0,N,Normal Match,BF Bowden,M Erasmus,Defend,2010,True,332,15,171,161,6,9,1
419121,2009/10,Chennai,2010-03-21,League,J Theron,"MA Chidambaram Stadium, Chepauk",Chennai Super Kings,Kings XI Punjab,Chennai Super Kings,field,Kings XI Punjab,tie,No Result,137.0,20.0,Y,Normal Match,K Hariharan,DJ Harper,No Result,2010,False,291,18,136,136,8,7,0
419122,2009/10,Mumbai,2010-03-22,League,SR Tendulkar,Brabourne Stadium,Mumbai Indians,Kolkata Knight Riders,Kolkata Knight Riders,bat,Mumbai Indians,wickets,7.0,156.0,20.0,N,Normal Match,SS Hazare,SJA Taufel,Chase,2010,False,311,6,155,156,3,3,1
419123,2009/10,Bangalore,2010-03-23,League,RV Uthappa,M Chinnaswamy Stadium,Royal Challengers Bangalore,Chennai Super Kings,Chennai Super Kings,field,Royal Challengers Bangalore,runs,36.0,172.0,20.0,N,Normal Match,RE Koertzen,RB Tiffin,Defend,2010,False,306,12,171,135,5,7,0
419124,2009/10,Chandigarh,2010-03-24,League,AC Voges,"Punjab Cricket Association Stadium, Mohali",Kings XI Punjab,Rajasthan Royals,Kings XI Punjab,field,Rajasthan Royals,runs,31.0,184.0,20.0,N,Normal Match,BR Doctrove,SK Tarapore,Defend,2010,False,335,15,183,152,5,10,0
419125,2009/10,Mumbai,2010-03-25,League,SR Tendulkar,"Brabourne Stadium, Mumbai",Chennai Super Kings,Mumbai Indians,Mumbai Indians,field,Mumbai Indians,wickets,5.0,181.0,20.0,N,Normal Match,AM Saheba,BF Bowden,Chase,2010,True,361,7,180,181,2,5,0
419128,2009/10,Bangalore,2010-03-25,League,KM Jadhav,M Chinnaswamy Stadium,Royal Challengers Bangalore,Delhi Daredevils,Royal Challengers Bangalore,field,Delhi Daredevils,runs,17.0,184.0,20.0,N,Normal Match,BG Jerling,RE Koertzen,Defend,2010,False,349,13,183,166,4,9,0
419126,2009/10,Ahmedabad,2010-03-26,League,YK Pathan,"Sardar Patel Stadium, Motera",Rajasthan Royals,Deccan Chargers,Deccan Chargers,bat,Rajasthan Royals,wickets,8.0,149.0,20.0,N,Normal Match,HDPK Dharmasena,SJA Taufel,Chase,2010,False,299,11,148,151,9,2,1
419127,2009/10,Chandigarh,2010-03-27,League,MK Tiwary,"Punjab Cricket Association Stadium, Mohali",Kings XI Punjab,Kolkata Knight Riders,Kolkata Knight Riders,bat,Kolkata Knight Riders,runs,39.0,184.0,20.0,N,Normal Match,BR Doctrove,S Ravi,Defend,2010,True,327,11,183,144,5,6,1
419129,2009/10,Ahmedabad,2010-03-28,League,NV Ojha,"Sardar Patel Stadium, Motera",Rajasthan Royals,Chennai Super Kings,Rajasthan Royals,bat,Rajasthan Royals,runs,17.0,178.0,20.0,N,Normal Match,SS Hazare,SJA Taufel,Defend,2010,True,337,14,177,160,8,6,1
419130,2009/10,Mumbai,2010-03-28,League,Harbhajan Singh,Dr DY Patil Sports Academy,Deccan Chargers,Mumbai Indians,Deccan Chargers,field,Mumbai Indians,runs,41.0,173.0,20.0,N,Normal Match,S Das,K Hariharan,Defend,2010,False,303,17,172,131,7,10,0
419131,2009/10,Delhi,2010-03-29,League,DA Warner,Feroz Shah Kotla,Delhi Daredevils,Kolkata Knight Riders,Delhi Daredevils,bat,Delhi Daredevils,runs,40.0,178.0,20.0,N,Normal Match,SS Hazare,SJA Taufel,Defend,2010,True,314,13,177,137,4,9,1
419132,2009/10,Mumbai,2010-03-30,League,SL Malinga,Brabourne Stadium,Mumbai Indians,Kings XI Punjab,Mumbai Indians,field,Mumbai Indians,wickets,4.0,164.0,20.0,N,Normal Match,BR Doctrove,SK Tarapore,Chase,2010,True,327,16,163,164,10,6,0
419133,2009/10,Chennai,2010-03-31,League,M Vijay,"MA Chidambaram Stadium, Chepauk",Chennai Super Kings,Royal Challengers Bangalore,Royal Challengers Bangalore,bat,Chennai Super Kings,wickets,5.0,162.0,20.0,N,Normal Match,BG Jerling,RE Koertzen,Chase,2010,False,323,9,161,162,4,5,1
419134,2009/10,Delhi,2010-03-31,League,KD Karthik,Feroz Shah Kotla,Delhi Daredevils,Rajasthan Royals,Delhi Daredevils,bat,Delhi Daredevils,runs,67.0,189.0,20.0,N,Normal Match,HDPK Dharmasena,SJA Taufel,Defend,2010,True,309,16,188,121,6,10,1
419135,2009/10,Kolkata,2010-04-01,League,SC Ganguly,Eden Gardens,Kolkata Knight Riders,Deccan Chargers,Kolkata Knight Riders,bat,Kolkata Knight Riders,runs,24.0,182.0,20.0,N,Normal Match,K Hariharan,DJ Harper,Defend,2010,True,338,11,181,157,6,5,1
419136,2009/10,Chandigarh,2010-04-02,League,KP Pietersen,"Punjab Cricket Association Stadium, Mohali",Kings XI Punjab,Royal Challengers Bangalore,Kings XI Punjab,bat,Royal Challengers Bangalore,wickets,6.0,182.0,20.0,N,Normal Match,BF Bowden,M Erasmus,Chase,2010,False,365,9,181,184,5,4,1
419137,2009/10,Chennai,2010-04-03,League,M Vijay,"MA Chidambaram Stadium, Chepauk",Chennai Super Kings,Rajasthan Royals,Chennai Super Kings,bat,Chennai Super Kings,runs,23.0,247.0,20.0,N,Normal Match,RE Koertzen,RB Tiffin,Defend,2010,True,469,10,246,223,5,5,1
419138,2009/10,Mumbai,2010-04-03,League,AT Rayudu,Brabourne Stadium,Mumbai Indians,Deccan Chargers,Mumbai Indians,bat,Mumbai Indians,runs,63.0,179.0,20.0,N,Normal Match,BR Doctrove,S Ravi,Defend,2010,True,293,15,178,115,5,10,1
419139,2009/10,Kolkata,2010-04-04,League,DPMD Jayawardene,Eden Gardens,Kolkata Knight Riders,Kings XI Punjab,Kolkata Knight Riders,bat,Kings XI Punjab,wickets,8.0,201.0,20.0,N,Normal Match,S Asnani,DJ Harper,Chase,2010,False,404,5,200,204,3,2,1
419140,2009/10,Delhi,2010-04-04,League,PD Collingwood,Feroz Shah Kotla,Delhi Daredevils,Royal Challengers Bangalore,Delhi Daredevils,bat,Delhi Daredevils,runs,37.0,185.0,20.0,N,Normal Match,BF Bowden,M Erasmus,Defend,2010,True,331,14,184,147,5,9,1
419141,2009/10,Nagpur,2010-04-05,League,SK Warne,"Vidarbha Cricket Association Stadium, Jamtha",Deccan Chargers,Rajasthan Royals,Rajasthan Royals,bat,Rajasthan Royals,runs,2.0,160.0,20.0,N,Normal Match,HDPK Dharmasena,SJA Taufel,Defend,2010,True,316,20,159,157,10,10,1
419142,2009/10,Chennai,2010-04-06,League,SK Raina,"MA Chidambaram Stadium, Chepauk",Chennai Super Kings,Mumbai Indians,Chennai Super Kings,bat,Chennai Super Kings,runs,24.0,166.0,20.0,N,Normal Match,S Asnani,DJ Harper,Defend,2010,True,306,13,165,141,4,9,1
419143,2009/10,Jaipur,2010-04-07,League,MJ Lumb,Sawai Mansingh Stadium,Rajasthan Royals,Kings XI Punjab,Kings XI Punjab,bat,Rajasthan Royals,wickets,9.0,154.0,20.0,N,Normal Match,S Ravi,SK Tarapore,Chase,2010,False,310,7,153,157,6,1,1
419144,2009/10,Kolkata,2010-04-07,League,SC Ganguly,Eden Gardens,Kolkata Knight Riders,Delhi Daredevils,Kolkata Knight Riders,bat,Kolkata Knight Riders,runs,14.0,182.0,20.0,N,Normal Match,BG Jerling,RE Koertzen,Defend,2010,True,348,11,181,167,3,8,1
419145,2009/10,Bangalore,2010-04-08,League,TL Suman,M Chinnaswamy Stadium,Royal Challengers Bangalore,Deccan Chargers,Deccan Chargers,field,Deccan Chargers,wickets,7.0,185.0,20.0,N,Normal Match,S Asnani,DJ Harper,Chase,2010,True,370,9,184,186,6,3,0
419146,2009/10,Chandigarh,2010-04-09,League,KC Sangakkara,"Punjab Cricket Association Stadium, Mohali",Kings XI Punjab,Mumbai Indians,Mumbai Indians,bat,Kings XI Punjab,wickets,6.0,155.0,20.0,N,Normal Match,M Erasmus,AM Saheba,Chase,2010,False,312,13,154,158,9,4,1
419147,2009/10,Nagpur,2010-04-10,League,RJ Harris,"Vidarbha Cricket Association Stadium, Jamtha",Deccan Chargers,Chennai Super Kings,Chennai Super Kings,bat,Deccan Chargers,wickets,6.0,139.0,20.0,N,Normal Match,HDPK Dharmasena,SJA Taufel,Chase,2010,False,277,12,138,139,8,4,1
419148,2009/10,Bangalore,2010-04-10,League,R Vinay Kumar,M Chinnaswamy Stadium,Royal Challengers Bangalore,Kolkata Knight Riders,Royal Challengers Bangalore,field,Royal Challengers Bangalore,wickets,7.0,161.0,20.0,N,Normal Match,K Hariharan,DJ Harper,Chase,2010,True,322,12,160,162,9,3,0
419149,2009/10,Delhi,2010-04-11,League,PP Chawla,Feroz Shah Kotla,Delhi Daredevils,Kings XI Punjab,Delhi Daredevils,bat,Kings XI Punjab,wickets,7.0,112.0,20.0,N,Normal Match,BF Bowden,AM Saheba,Chase,2010,False,223,13,111,112,10,3,1
419150,2009/10,Jaipur,2010-04-11,League,SR Tendulkar,Sawai Mansingh Stadium,Rajasthan Royals,Mumbai Indians,Rajasthan Royals,field,Mumbai Indians,runs,37.0,175.0,20.0,N,Normal Match,BR Doctrove,SK Tarapore,Defend,2010,False,311,13,174,137,5,8,0
419151,2009/10,Nagpur,2010-04-12,League,Harmeet Singh,"Vidarbha Cricket Association Stadium, Jamtha",Deccan Chargers,Royal Challengers Bangalore,Royal Challengers Bangalore,field,Deccan Chargers,runs,13.0,152.0,20.0,N,Normal Match,RE Koertzen,RB Tiffin,Defend,2010,False,289,16,151,138,6,10,0
419152,2009/10,Mumbai,2010-04-13,League,KA Pollard,Brabourne Stadium,Mumbai Indians,Delhi Daredevils,Mumbai Indians,bat,Mumbai Indians,runs,39.0,184.0,20.0,N,Normal Match,S Asnani,DJ Harper,Defend,2010,True,327,11,183,144,4,7,1
419153,2009/10,Chennai,2010-04-13,League,R Ashwin,"MA Chidambaram Stadium, Chepauk",Chennai Super Kings,Kolkata Knight Riders,Kolkata Knight Riders,bat,Chennai Super Kings,wickets,9.0,140.0,20.0,N,Normal Match,SS Hazare,SJA Taufel,Chase,2010,False,282,9,139,143,8,1,1
419154,2009/10,Jaipur,2010-04-14,League,KP Pietersen,Sawai Mansingh Stadium,Rajasthan Royals,Royal Challengers Bangalore,Rajasthan Royals,bat,Royal Challengers Bangalore,wickets,5.0,131.0,20.0,N,Normal Match,BR Doctrove,S Ravi,Chase,2010,False,262,11,130,132,6,5,1
419155,2009/10,Chennai,2010-04-15,League,G Gambhir,"MA Chidambaram Stadium, Chepauk",Chennai Super Kings,Delhi Daredevils,Chennai Super Kings,bat,Delhi Daredevils,wickets,6.0,113.0,20.0,N,Normal Match,HDPK Dharmasena,SS Hazare,Chase,2010,False,225,13,112,113,9,4,1
419156,2009/10,Dharamsala,2010-04-16,League,RG Sharma,Himachal Pradesh Cricket Association Stadium,Kings XI Punjab,Deccan Chargers,Deccan Chargers,field,Deccan Chargers,wickets,5.0,175.0,20.0,N,Normal Match,M Erasmus,AM Saheba,Chase,2010,True,352,8,174,178,3,5,0
419157,2009/10,Bangalore,2010-04-17,League,R McLaren,M Chinnaswamy Stadium,Royal Challengers Bangalore,Mumbai Indians,Royal Challengers Bangalore,field,Mumbai Indians,runs,57.0,192.0,20.0,N,Normal Match,HDPK Dharmasena,SJA Taufel,Defend,2010,False,325,13,191,134,4,9,0
419158,2009/10,Kolkata,2010-04-17,League,JD Unadkat,Eden Gardens,Kolkata Knight Riders,Rajasthan Royals,Rajasthan Royals,bat,Kolkata Knight Riders,wickets,8.0,133.0,20.0,N,Normal Match,BG Jerling,RB Tiffin,Chase,2010,False,265,11,132,133,9,2,1
419159,2009/10,Dharamsala,2010-04-18,League,MS Dhoni,Himachal Pradesh Cricket Association Stadium,Kings XI Punjab,Chennai Super Kings,Chennai Super Kings,field,Chennai Super Kings,wickets,6.0,193.0,20.0,N,Normal Match,BF Bowden,AM Saheba,Chase,2010,True,387,7,192,195,3,4,0
419160,2009/10,Delhi,2010-04-18,League,A Symonds,Feroz Shah Kotla,Delhi Daredevils,Deccan Chargers,Deccan Chargers,bat,Deccan Chargers,runs,11.0,146.0,20.0,N,Normal Match,BR Doctrove,SK Tarapore,Defend,2010,True,279,14,145,134,7,7,1
419161,2009/10,Kolkata,2010-04-19,League,M Kartik,Eden Gardens,Kolkata Knight Riders,Mumbai Indians,Mumbai Indians,bat,Kolkata Knight Riders,wickets,9.0,134.0,20.0,N,Normal Match,BG Jerling,RE Koertzen,Chase,2010,False,268,9,133,135,8,1,1
419162,2009/10,Mumbai,2010-04-21,Semi Final,KA Pollard,Dr DY Patil Sports Academy,Royal Challengers Bangalore,Mumbai Indians,Mumbai Indians,bat,Mumbai Indians,runs,35.0,185.0,20.0,N,Normal Match,BR Doctrove,RB Tiffin,Defend,2010,True,333,14,184,149,5,9,1
419163,2009/10,Mumbai,2010-04-22,Semi Final,DE Bollinger,Dr DY Patil Sports Academy,Chennai Super Kings,Deccan Chargers,Chennai Super Kings,bat,Chennai Super Kings,runs,38.0,143.0,20.0,N,Normal Match,BR Doctrove,RB Tiffin,Defend,2010,True,246,17,142,104,7,10,1
419164,2009/10,Mumbai,2010-04-24,3rd Place Play-Off,A Kumble,Dr DY Patil Sports Academy,Royal Challengers Bangalore,Deccan Chargers,Deccan Chargers,bat,Royal Challengers Bangalore,wickets,9.0,83.0,20.0,N,Normal Match,RE Koertzen,SJA Taufel,Chase,2010,False,168,11,82,86,10,1,1
419165,2009/10,Mumbai,2010-04-25,Final,SK Raina,Dr DY Patil Sports Academy,Chennai Super Kings,Mumbai Indians,Chennai Super Kings,bat,Chennai Super Kings,runs,22.0,169.0,20.0,N,Normal Match,RE Koertzen,SJA Taufel,Defend,2010,True,314,14,168,146,5,9,1
501198,2011,Chennai,2011-04-08,League,S Anirudha,"MA Chidambaram Stadium, Chepauk",Chennai Super Kings,Kolkata Knight Riders,Chennai Super Kings,bat,Chennai Super Kings,runs,2.0,154.0,20.0,N,Normal Match,BR Doctrove,PR Reiffel,Defend,2011,True,304,11,153,151,4,7,1
501199,2011,Hyderabad,2011-04-09,League,SK Trivedi,"Rajiv Gandhi International Stadium, Uppal",Deccan Chargers,Rajasthan Royals,Rajasthan Royals,field,Rajasthan Royals,wickets,8.0,138.0,20.0,N,Normal Match,RE Koertzen,SK Tarapore,Chase,2011,True,278,10,137,141,8,2,0
501200,2011,Kochi,2011-04-09,League,AB de Villiers,Nehru Stadium,Kochi Tuskers Kerala,Royal Challengers Bangalore,Kochi Tuskers Kerala,bat,Royal Challengers Bangalore,wickets,6.0,162.0,20.0,N,Normal Match,HDPK Dharmasena,K Hariharan,Chase,2011,False,323,9,161,162,5,4,1
501201,2011,Delhi,2011-04-10,League,SL Malinga,Feroz Shah Kotla,Delhi Daredevils,Mumbai Indians,Delhi Daredevils,bat,Mumbai Indians,wickets,8.0,96.0,20.0,N,Normal Match,AM Saheba,RB Tiffin,Chase,2011,False,194,12,95,99,10,2,1
501202,2011,Mumbai,2011-04-10,League,SB Wagh,Dr DY Patil Sports Academy,Pune Warriors,Kings XI Punjab,Kings XI Punjab,bat,Pune Warriors,wickets,7.0,113.0,20.0,N,Normal Match,BR Doctrove,PR Reiffel,Chase,2011,False,225,11,112,113,8,3,1
501203,2011,Kolkata,2011-04-11,League,JH Kallis,Eden Gardens,Kolkata Knight Riders,Deccan Chargers,Kolkata Knight Riders,bat,Kolkata Knight Riders,runs,9.0,164.0,20.0,N,Normal Match,RE Koertzen,SK Tarapore,Defend,2011,True,317,12,163,154,4,8,1
501204,2011,Jaipur,2011-04-12,League,SK Warne,Sawai Mansingh Stadium,Rajasthan Royals,Delhi Daredevils,Delhi Daredevils,bat,Rajasthan Royals,wickets,6.0,152.0,20.0,N,Normal Match,Aleem Dar,RB Tiffin,Chase,2011,False,303,10,151,152,6,4,1
501205,2011,Bangalore,2011-04-12,League,SR Tendulkar,M Chinnaswamy Stadium,Royal Challengers Bangalore,Mumbai Indians,Mumbai Indians,field,Mumbai Indians,wickets,9.0,141.0,20.0,N,Normal Match,HDPK Dharmasena,AL Hill,Chase,2011,True,283,5,140,143,4,1,0
501206,2011,Chandigarh,2011-04-13,League,PC Valthaty,"Punjab Cricket Association Stadium, Mohali",Kings XI Punjab,Chennai Super Kings,Kings XI Punjab,field,Kings XI Punjab,wickets,6.0,189.0,20.0,N,Normal Match,Asad Rauf,SL Shastri,Chase,2011,True,381,8,188,193,4,4,0
501207,2011,Mumbai,2011-04-13,League,MD Mishra,Dr DY Patil Sports Academy,Pune Warriors,Kochi Tuskers Kerala,Kochi Tuskers Kerala,bat,Pune Warriors,wickets,4.0,149.0,20.0,N,Normal Match,S Asnani,PR Reiffel,Chase,2011,False,299,14,148,151,8,6,1
501208,2011,Hyderabad,2011-04-14,League,DW Steyn,"Rajiv Gandhi International Stadium, Uppal",Deccan Chargers,Royal Challengers Bangalore,Royal Challengers Bangalore,field,Deccan Chargers,runs,33.0,176.0,20.0,N,Normal Match,RE Koertzen,S Ravi,Defend,2011,False,317,14,175,142,5,9,0
501209,2011,Jaipur,2011-04-15,League,G Gambhir,Sawai Mansingh Stadium,Rajasthan Royals,Kolkata Knight Riders,Kolkata Knight Riders,field,Kolkata Knight Riders,wickets,9.0,160.0,20.0,N,Normal Match,Aleem Dar,SS Hazare,Chase,2011,True,319,5,159,160,4,1,0
501210,2011,Mumbai,2011-04-15,League,BB McCullum,Wankhede Stadium,Mumbai Indians,Kochi Tuskers Kerala,Kochi Tuskers Kerala,field,Kochi Tuskers Kerala,wickets,8.0,183.0,20.0,N,Normal Match,BR Doctrove,PR Reiffel,Chase,2011,True,366,4,182,184,2,2,0
501211,2011,Chennai,2011-04-16,League,MEK Hussey,"MA Chidambaram Stadium, Chepauk",Chennai Super Kings,Royal Challengers Bangalore,Chennai Super Kings,bat,Chennai Super Kings,runs,21.0,184.0,20.0,N,Normal Match,HDPK Dharmasena,AL Hill,Defend,2011,True,345,12,183,162,5,7,1
501212,2011,Hyderabad,2011-04-16,League,PC Valthaty,"Rajiv Gandhi International Stadium, Uppal",Deccan Chargers,Kings XI Punjab,Kings XI Punjab,field,Kings XI Punjab,wickets,8.0,166.0,20.0,N,Normal Match,RE Koertzen,S Ravi,Chase,2011,True,331,10,165,166,8,2,0
501213,2011,Mumbai,2011-04-17,League,Yuvraj Singh,Dr DY Patil Sports Academy,Pune Warriors,Delhi Daredevils,Delhi Daredevils,field,Delhi Daredevils,wickets,3.0,188.0,20.0,N,Normal Match,Asad Rauf,AM Saheba,Chase,2011,True,377,12,187,190,5,7,0
501214,2011,Kolkata,2011-04-17,League,L Balaji,Eden Gardens,Kolkata Knight Riders,Rajasthan Royals,Kolkata Knight Riders,field,Kolkata Knight Riders,wickets,8.0,82.0,20.0,N,Normal Match,Aleem Dar,RB Tiffin,Chase,2011,True,166,12,81,85,10,2,0
501215,2011,Kochi,2011-04-18,League,BB McCullum,Nehru Stadium,Kochi Tuskers Kerala,Chennai Super Kings,Kochi Tuskers Kerala,field,Kochi Tuskers Kerala,wickets,7.0,135.0,17.0,N,D/L,K Hariharan,AL Hill,Chase,2011,True,266,7,131,135,4,3,0
501216,2011,Delhi,2011-04-19,League,S Sohal,Feroz Shah Kotla,Delhi Daredevils,Deccan Chargers,Deccan Chargers,bat,Deccan Chargers,runs,16.0,169.0,20.0,N,Normal Match,PR Reiffel,RJ Tucker,Defend,2011,True,320,11,168,152,4,7,1
501218,2011,Mumbai,2011-04-20,League,MM Patel,Wankhede Stadium,Mumbai Indians,Pune Warriors,Pune Warriors,bat,Mumbai Indians,wickets,7.0,119.0,20.0,N,Normal Match,Asad Rauf,AM Saheba,Chase,2011,False,242,13,118,124,10,3,1
501219,2011,Kolkata,2011-04-20,League,DPMD Jayawardene,Eden Gardens,Kolkata Knight Riders,Kochi Tuskers Kerala,Kolkata Knight Riders,field,Kochi Tuskers Kerala,runs,6.0,133.0,20.0,N,Normal Match,Aleem Dar,RB Tiffin,Defend,2011,False,258,16,132,126,7,9,0
501220,2011,Chandigarh,2011-04-21,League,SE Marsh,"Punjab Cricket Association Stadium, Mohali",Kings XI Punjab,Rajasthan Royals,Rajasthan Royals,field,Kings XI Punjab,runs,48.0,196.0,20.0,N,Normal Match,S Asnani,PR Reiffel,Defend,2011,False,342,14,195,147,7,7,0
501221,2011,Mumbai,2011-04-22,League,Harbhajan Singh,Wankhede Stadium,Mumbai Indians,Chennai Super Kings,Chennai Super Kings,field,Mumbai Indians,runs,8.0,165.0,20.0,N,Normal Match,Asad Rauf,AM Saheba,Defend,2011,False,320,13,164,156,4,9,0
501222,2011,Kolkata,2011-04-22,League,CH Gayle,Eden Gardens,Kolkata Knight Riders,Royal Challengers Bangalore,Royal Challengers Bangalore,field,Royal Challengers Bangalore,wickets,9.0,172.0,20.0,N,Normal Match,SS Hazare,RB Tiffin,Chase,2011,True,346,6,171,175,5,1,0
501223,2011,Delhi,2011-04-23,League,DA Warner,Feroz Shah Kotla,Delhi Daredevils,Kings XI Punjab,Kings XI Punjab,field,Delhi Daredevils,runs,29.0,232.0,20.0,N,Normal Match,S Asnani,RE Koertzen,Defend,2011,False,433,10,231,202,4,6,0
501224,2011,Hyderabad,2011-04-24,League,SL Malinga,"Rajiv Gandhi International Stadium, Uppal",Deccan Chargers,Mumbai Indians,Deccan Chargers,field,Mumbai Indians,runs,37.0,173.0,20.0,N,Normal Match,HDPK Dharmasena,AL Hill,Defend,2011,False,307,12,172,135,4,8,0
501225,2011,Jaipur,2011-04-24,League,SK Warne,Sawai Mansingh Stadium,Rajasthan Royals,Kochi Tuskers Kerala,Rajasthan Royals,field,Rajasthan Royals,wickets,8.0,110.0,20.0,N,Normal Match,BR Doctrove,SK Tarapore,Chase,2011,True,220,12,109,111,10,2,0
501226,2011,Chennai,2011-04-25,League,MEK Hussey,"MA Chidambaram Stadium, Chepauk",Chennai Super Kings,Pune Warriors,Pune Warriors,field,Chennai Super Kings,runs,25.0,143.0,20.0,N,Normal Match,Aleem Dar,RB Tiffin,Defend,2011,False,259,15,142,117,6,9,0
501227,2011,Delhi,2011-04-26,League,V Kohli,Feroz Shah Kotla,Delhi Daredevils,Royal Challengers Bangalore,Royal Challengers Bangalore,field,Royal Challengers Bangalore,wickets,3.0,161.0,20.0,N,Normal Match,S Asnani,RJ Tucker,Chase,2011,True,321,13,160,161,6,7,0
501228,2011,Mumbai,2011-04-27,League,DE Bollinger,Dr DY Patil Sports Academy,Pune Warriors,Chennai Super Kings,Pune Warriors,bat,Chennai Super Kings,wickets,8.0,142.0,20.0,N,Normal Match,Asad Rauf,SL Shastri,Chase,2011,False,286,8,141,145,6,2,1
501229,2011,Kochi,2011-04-27,League,I Sharma,Nehru Stadium,Kochi Tuskers Kerala,Deccan Chargers,Kochi Tuskers Kerala,field,Deccan Chargers,runs,55.0,130.0,20.0,N,Normal Match,HDPK Dharmasena,AL Hill,Defend,2011,False,203,17,129,74,7,10,0
501230,2011,Delhi,2011-04-28,League,MK Tiwary,Feroz Shah Kotla,Delhi Daredevils,Kolkata Knight Riders,Delhi Daredevils,field,Kolkata Knight Riders,runs,17.0,149.0,20.0,N,Normal Match,PR Reiffel,RJ Tucker,Defend,2011,False,279,16,148,131,7,9,0
501231,2011,Jaipur,2011-04-29,League,J Botha,Sawai Mansingh Stadium,Rajasthan Royals,Mumbai Indians,Rajasthan Royals,field,Rajasthan Royals,wickets,7.0,95.0,20.0,N,Normal Match,Asad Rauf,SK Tarapore,Chase,2011,True,189,11,94,95,8,3,0
501232,2011,Bangalore,2011-04-29,League,V Kohli,M Chinnaswamy Stadium,Royal Challengers Bangalore,Pune Warriors,Pune Warriors,field,Royal Challengers Bangalore,runs,26.0,182.0,20.0,N,Normal Match,Aleem Dar,SS Hazare,Defend,2011,False,336,10,181,155,5,5,0
501233,2011,Kochi,2011-04-30,League,V Sehwag,Nehru Stadium,Kochi Tuskers Kerala,Delhi Daredevils,Delhi Daredevils,bat,Delhi Daredevils,runs,38.0,158.0,20.0,N,Normal Match,HDPK Dharmasena,AL Hill,Defend,2011,True,276,17,157,119,7,10,1
501234,2011,Kolkata,2011-04-30,League,Iqbal Abdulla,Eden Gardens,Kolkata Knight Riders,Kings XI Punjab,Kolkata Knight Riders,field,Kolkata Knight Riders,wickets,8.0,120.0,20.0,N,Normal Match,AM Saheba,SL Shastri,Chase,2011,True,239,8,119,120,6,2,0
501235,2011,Jaipur,2011-05-01,League,LRPL Taylor,Sawai Mansingh Stadium,Rajasthan Royals,Pune Warriors,Rajasthan Royals,field,Rajasthan Royals,wickets,6.0,144.0,20.0,N,Normal Match,SK Tarapore,SJA Taufel,Chase,2011,True,287,11,143,144,7,4,0
501236,2011,Chennai,2011-05-01,League,JA Morkel,"MA Chidambaram Stadium, Chepauk",Chennai Super Kings,Deccan Chargers,Chennai Super Kings,bat,Chennai Super Kings,runs,19.0,166.0,20.0,N,Normal Match,Aleem Dar,RB Tiffin,Defend,2011,True,311,13,165,146,5,8,1
501237,2011,Mumbai,2011-05-02,League,KA Pollard,Wankhede Stadium,Mumbai Indians,Kings XI Punjab,Kings XI Punjab,field,Mumbai Indians,runs,23.0,160.0,20.0,N,Normal Match,HDPK Dharmasena,PR Reiffel,Defend,2011,False,295,13,159,136,5,8,0
501238,2011,Delhi,2011-05-02,League,P Parameswaran,Feroz Shah Kotla,Delhi Daredevils,Kochi Tuskers Kerala,Kochi Tuskers Kerala,field,Kochi Tuskers Kerala,wickets,7.0,141.0,20.0,N,Normal Match,Asad Rauf,SL Shastri,Chase,2011,True,281,9,140,141,6,3,0
501239,2011,Hyderabad,2011-05-03,League,YK Pathan,"Rajiv Gandhi International Stadium, Uppal",Deccan Chargers,Kolkata Knight Riders,Deccan Chargers,field,Kolkata Knight Riders,runs,20.0,170.0,20.0,N,Normal Match,S Asnani,RJ Tucker,Defend,2011,False,318,10,169,149,4,6,0
501240,2011,Chennai,2011-05-04,League,MEK Hussey,"MA Chidambaram Stadium, Chepauk",Chennai Super Kings,Rajasthan Royals,Rajasthan Royals,bat,Chennai Super Kings,wickets,8.0,148.0,20.0,N,Normal Match,SS Hazare,RB Tiffin,Chase,2011,False,296,8,147,149,6,2,1
501241,2011,Mumbai,2011-05-04,League,R Sharma,Dr DY Patil Sports Academy,Pune Warriors,Mumbai Indians,Pune Warriors,field,Mumbai Indians,runs,21.0,161.0,20.0,N,Normal Match,HDPK Dharmasena,SJA Taufel,Defend,2011,False,299,14,160,139,7,7,0
501242,2011,Kochi,2011-05-05,League,BJ Hodge,Nehru Stadium,Kochi Tuskers Kerala,Kolkata Knight Riders,Kolkata Knight Riders,field,Kochi Tuskers Kerala,runs,17.0,157.0,20.0,N,Normal Match,S Ravi,RJ Tucker,Defend,2011,False,295,12,156,139,5,7,0
501243,2011,Hyderabad,2011-05-05,League,V Sehwag,"Rajiv Gandhi International Stadium, Uppal",Deccan Chargers,Delhi Daredevils,Delhi Daredevils,field,Delhi Daredevils,wickets,4.0,176.0,20.0,N,Normal Match,Asad Rauf,AM Saheba,Chase,2011,True,354,11,175,179,5,6,0
501244,2011,Bangalore,2011-05-06,League,CH Gayle,M Chinnaswamy Stadium,Royal Challengers Bangalore,Kings XI Punjab,Kings XI Punjab,field,Royal Challengers Bangalore,runs,85.0,206.0,20.0,N,Normal Match,Aleem Dar,RB Tiffin,Defend,2011,False,325,15,205,120,6,9,0
501245,2011,Kolkata,2011-05-07,League,Iqbal Abdulla,Eden Gardens,Kolkata Knight Riders,Chennai Super Kings,Chennai Super Kings,bat,Kolkata Knight Riders,runs,10.0,52.0,10.0,N,D/L,Asad Rauf,PR Reiffel,Defend,2011,False,175,6,114,61,4,2,1
501246,2011,Mumbai,2011-05-07,League,AT Rayudu,Wankhede Stadium,Mumbai Indians,Delhi Daredevils,Delhi Daredevils,field,Mumbai Indians,runs,32.0,179.0,20.0,N,Normal Match,K Hariharan,SJA Taufel,Defend,2011,False,324,14,178,146,4,10,0
501247,2011,Bangalore,2011-05-08,League,CH Gayle,M Chinnaswamy Stadium,Royal Challengers Bangalore,Kochi Tuskers Kerala,Kochi Tuskers Kerala,bat,Royal Challengers Bangalore,wickets,9.0,126.0,20.0,N,Normal Match,Aleem Dar,SS Hazare,Chase,2011,False,253,10,125,128,9,1,1
501248,2011,Chandigarh,2011-05-08,League,R Sharma,"Punjab Cricket Association Stadium, Mohali",Kings XI Punjab,Pune Warriors,Kings XI Punjab,bat,Pune Warriors,wickets,5.0,120.0,20.0,N,Normal Match,SK Tarapore,RJ Tucker,Chase,2011,False,239,13,119,120,8,5,1
501249,2011,Jaipur,2011-05-09,League,M Vijay,Sawai Mansingh Stadium,Rajasthan Royals,Chennai Super Kings,Rajasthan Royals,field,Chennai Super Kings,runs,63.0,197.0,20.0,N,Normal Match,K Hariharan,SJA Taufel,Defend,2011,False,329,13,196,133,3,10,0
501250,2011,Hyderabad,2011-05-10,League,MR Marsh,"Rajiv Gandhi International Stadium, Uppal",Deccan Chargers,Pune Warriors,Deccan Chargers,bat,Pune Warriors,wickets,6.0,137.0,20.0,N,Normal Match,Asad Rauf,AM Saheba,Chase,2011,False,273,12,136,137,8,4,1
501251,2011,Chandigarh,2011-05-10,League,BA Bhatt,"Punjab Cricket Association Stadium, Mohali",Kings XI Punjab,Mumbai Indians,Mumbai Indians,field,Kings XI Punjab,runs,76.0,164.0,20.0,N,Normal Match,SK Tarapore,RJ Tucker,Defend,2011,False,250,18,163,87,8,10,0
501252,2011,Jaipur,2011-05-11,League,S Aravind,Sawai Mansingh Stadium,Rajasthan Royals,Royal Challengers Bangalore,Royal Challengers Bangalore,field,Royal Challengers Bangalore,wickets,9.0,147.0,20.0,N,Normal Match,HDPK Dharmasena,K Hariharan,Chase,2011,True,297,7,146,151,6,1,0
501253,2011,Chennai,2011-05-12,League,MS Dhoni,"MA Chidambaram Stadium, Chepauk",Chennai Super Kings,Delhi Daredevils,Chennai Super Kings,bat,Chennai Super Kings,runs,18.0,177.0,20.0,N,Normal Match,AM Saheba,SL Shastri,Defend,2011,True,334,10,176,158,4,6,1
501254,2011,Indore,2011-05-13,League,KD Karthik,Holkar Cricket Stadium,Kochi Tuskers Kerala,Kings XI Punjab,Kings XI Punjab,field,Kings XI Punjab,wickets,6.0,179.0,20.0,N,Normal Match,S Asnani,RJ Tucker,Chase,2011,True,359,11,178,181,7,4,0
501255,2011,Bangalore,2011-05-14,League,CH Gayle,M Chinnaswamy Stadium,Royal Challengers Bangalore,Kolkata Knight Riders,Royal Challengers Bangalore,field,Royal Challengers Bangalore,wickets,4.0,102.0,13.0,N,D/L,RE Koertzen,RB Tiffin,Chase,2011,True,194,10,89,105,4,6,0
501256,2011,Mumbai,2011-05-14,League,A Mishra,Wankhede Stadium,Mumbai Indians,Deccan Chargers,Deccan Chargers,bat,Deccan Chargers,runs,10.0,136.0,20.0,N,Normal Match,S Ravi,SK Tarapore,Defend,2011,True,260,14,135,125,6,8,1
501257,2011,Dharamsala,2011-05-15,League,PP Chawla,Himachal Pradesh Cricket Association Stadium,Kings XI Punjab,Delhi Daredevils,Delhi Daredevils,field,Kings XI Punjab,runs,29.0,171.0,20.0,N,Normal Match,Asad Rauf,SL Shastri,Defend,2011,False,311,14,170,141,6,8,0
501258,2011,Indore,2011-05-15,League,BJ Hodge,Holkar Cricket Stadium,Kochi Tuskers Kerala,Rajasthan Royals,Kochi Tuskers Kerala,field,Kochi Tuskers Kerala,wickets,8.0,98.0,20.0,N,Normal Match,PR Reiffel,RJ Tucker,Chase,2011,True,195,12,97,98,10,2,0
501259,2011,Mumbai,2011-05-16,League,A Mishra,Dr DY Patil Sports Academy,Pune Warriors,Deccan Chargers,Deccan Chargers,field,Deccan Chargers,wickets,6.0,137.0,20.0,N,Normal Match,S Ravi,SK Tarapore,Chase,2011,True,274,13,136,138,9,4,0
501260,2011,Dharamsala,2011-05-17,League,AC Gilchrist,Himachal Pradesh Cricket Association Stadium,Kings XI Punjab,Royal Challengers Bangalore,Kings XI Punjab,bat,Kings XI Punjab,runs,111.0,233.0,20.0,N,Normal Match,Asad Rauf,AM Saheba,Defend,2011,True,353,12,232,121,2,10,1
501261,2011,Chennai,2011-05-18,League,WP Saha,"MA Chidambaram Stadium, Chepauk",Chennai Super Kings,Kochi Tuskers Kerala,Chennai Super Kings,bat,Chennai Super Kings,runs,11.0,153.0,20.0,N,Normal Match,HDPK Dharmasena,RE Koertzen,Defend,2011,True,293,10,152,141,5,5,1
501262,2011,Mumbai,2011-05-19,League,YK Pathan,Dr DY Patil Sports Academy,Pune Warriors,Kolkata Knight Riders,Kolkata Knight Riders,field,Kolkata Knight Riders,wickets,7.0,119.0,20.0,N,Normal Match,S Ravi,SJA Taufel,Chase,2011,True,237,10,118,119,7,3,0
501263,2011,Mumbai,2011-05-20,League,SR Watson,Wankhede Stadium,Mumbai Indians,Rajasthan Royals,Mumbai Indians,bat,Rajasthan Royals,wickets,10.0,134.0,20.0,N,Normal Match,RE Koertzen,PR Reiffel,Chase,2011,False,267,5,133,134,5,0,1
501264,2011,Dharamsala,2011-05-21,League,S Dhawan,Himachal Pradesh Cricket Association Stadium,Kings XI Punjab,Deccan Chargers,Kings XI Punjab,field,Deccan Chargers,runs,82.0,199.0,20.0,N,Normal Match,Asad Rauf,AM Saheba,Defend,2011,False,314,12,198,116,2,10,0
501265,2011,Delhi,2011-05-21,League,Unknown,Feroz Shah Kotla,Delhi Daredevils,Pune Warriors,Delhi Daredevils,bat,No Result,no result,No Result,0.0,0.0,N,Normal Match,SS Hazare,RJ Tucker,No Result,2011,False,56,3,56,0,3,0,1
501266,2011,Bangalore,2011-05-22,League,CH Gayle,M Chinnaswamy Stadium,Royal Challengers Bangalore,Chennai Super Kings,Royal Challengers Bangalore,field,Royal Challengers Bangalore,wickets,8.0,129.0,20.0,N,Normal Match,K Hariharan,RE Koertzen,Chase,2011,True,257,10,128,129,8,2,0
501267,2011,Kolkata,2011-05-22,League,JEC Franklin,Eden Gardens,Kolkata Knight Riders,Mumbai Indians,Mumbai Indians,field,Mumbai Indians,wickets,5.0,176.0,20.0,N,Normal Match,SK Tarapore,SJA Taufel,Chase,2011,True,353,12,175,178,7,5,0
501268,2011,Mumbai,2011-05-24,Qualifier 1,SK Raina,Wankhede Stadium,Royal Challengers Bangalore,Chennai Super Kings,Chennai Super Kings,field,Chennai Super Kings,wickets,6.0,176.0,20.0,N,Normal Match,Asad Rauf,SJA Taufel,Chase,2011,True,352,8,175,177,4,4,0
501269,2011,Mumbai,2011-05-25,Elimination Final,MM Patel,Wankhede Stadium,Mumbai Indians,Kolkata Knight Riders,Mumbai Indians,field,Mumbai Indians,wickets,4.0,148.0,20.0,N,Normal Match,Asad Rauf,SJA Taufel,Chase,2011,True,295,13,147,148,7,6,0
501270,2011,Chennai,2011-05-27,Qualifier 2,CH Gayle,"MA Chidambaram Stadium, Chepauk",Royal Challengers Bangalore,Mumbai Indians,Mumbai Indians,field,Royal Challengers Bangalore,runs,43.0,186.0,20.0,N,Normal Match,Asad Rauf,SJA Taufel,Defend,2011,False,327,12,185,142,4,8,0
501271,2011,Chennai,2011-05-28,Final,M Vijay,"MA Chidambaram Stadium, Chepauk",Chennai Super Kings,Royal Challengers Bangalore,Chennai Super Kings,bat,Chennai Super Kings,runs,58.0,206.0,20.0,N,Normal Match,Asad Rauf,SJA Taufel,Defend,2011,True,352,13,205,147,5,8,1
548306,2012,Chennai,2012-04-04,League,RE Levi,"MA Chidambaram Stadium, Chepauk",Chennai Super Kings,Mumbai Indians,Mumbai Indians,field,Mumbai Indians,wickets,8.0,113.0,20.0,N,Normal Match,JD Cloete,SJA Taufel,Chase,2012,True,227,13,112,115,10,3,0
548307,2012,Kolkata,2012-04-05,League,IK Pathan,Eden Gardens,Kolkata Knight Riders,Delhi Daredevils,Delhi Daredevils,field,Delhi Daredevils,wickets,8.0,98.0,12.0,N,Normal Match,S Asnani,HDPK Dharmasena,Chase,2012,True,197,11,97,100,9,2,0
548308,2012,Mumbai,2012-04-06,League,SPD Smith,Wankhede Stadium,Mumbai Indians,Pune Warriors,Mumbai Indians,field,Pune Warriors,runs,28.0,130.0,20.0,N,Normal Match,AK Chaudhary,SJA Taufel,Defend,2012,False,230,18,129,101,9,9,0
548309,2012,Jaipur,2012-04-06,League,AM Rahane,Sawai Mansingh Stadium,Rajasthan Royals,Kings XI Punjab,Kings XI Punjab,field,Rajasthan Royals,runs,31.0,192.0,20.0,N,Normal Match,BF Bowden,SK Tarapore,Defend,2012,False,351,13,191,160,4,9,0
548310,2012,Bangalore,2012-04-07,League,AB de Villiers,M Chinnaswamy Stadium,Royal Challengers Bangalore,Delhi Daredevils,Delhi Daredevils,field,Royal Challengers Bangalore,runs,20.0,158.0,20.0,N,Normal Match,S Asnani,S Ravi,Defend,2012,False,294,15,157,137,8,7,0
548311,2012,Visakhapatnam,2012-04-07,League,RA Jadeja,Dr. Y.S. Rajasekhara Reddy ACA-VDCA Cricket Stadium,Deccan Chargers,Chennai Super Kings,Deccan Chargers,field,Chennai Super Kings,runs,74.0,194.0,20.0,N,Normal Match,JD Cloete,HDPK Dharmasena,Defend,2012,False,312,16,193,119,6,10,0
548312,2012,Jaipur,2012-04-08,League,BJ Hodge,Sawai Mansingh Stadium,Rajasthan Royals,Kolkata Knight Riders,Kolkata Knight Riders,field,Rajasthan Royals,runs,22.0,165.0,20.0,N,Normal Match,BF Bowden,VA Kulkarni,Defend,2012,False,306,15,164,142,5,10,0
548313,2012,Pune,2012-04-08,League,MN Samuels,Subrata Roy Sahara Stadium,Pune Warriors,Kings XI Punjab,Pune Warriors,bat,Pune Warriors,runs,22.0,167.0,20.0,N,Normal Match,S Das,SJA Taufel,Defend,2012,True,310,14,166,144,6,8,1
548314,2012,Visakhapatnam,2012-04-09,League,RG Sharma,Dr. Y.S. Rajasekhara Reddy ACA-VDCA Cricket Stadium,Deccan Chargers,Mumbai Indians,Deccan Chargers,bat,Mumbai Indians,wickets,5.0,139.0,20.0,N,Normal Match,AK Chaudhary,JD Cloete,Chase,2012,False,280,14,138,142,9,5,1
548315,2012,Bangalore,2012-04-10,League,L Balaji,M Chinnaswamy Stadium,Royal Challengers Bangalore,Kolkata Knight Riders,Royal Challengers Bangalore,field,Kolkata Knight Riders,runs,42.0,166.0,20.0,N,Normal Match,S Ravi,RJ Tucker,Defend,2012,False,288,17,165,123,8,9,0
548316,2012,Delhi,2012-04-10,League,M Morkel,Feroz Shah Kotla,Delhi Daredevils,Chennai Super Kings,Delhi Daredevils,field,Delhi Daredevils,wickets,8.0,111.0,20.0,N,Normal Match,Asad Rauf,SK Tarapore,Chase,2012,True,221,10,110,111,8,2,0
548317,2012,Mumbai,2012-04-11,League,KA Pollard,Wankhede Stadium,Mumbai Indians,Rajasthan Royals,Rajasthan Royals,field,Mumbai Indians,runs,27.0,198.0,20.0,N,Normal Match,Aleem Dar,BNJ Oxenford,Defend,2012,False,367,16,197,170,6,10,0
548318,2012,Chennai,2012-04-12,League,F du Plessis,"MA Chidambaram Stadium, Chepauk",Chennai Super Kings,Royal Challengers Bangalore,Royal Challengers Bangalore,bat,Chennai Super Kings,wickets,5.0,206.0,20.0,N,Normal Match,HDPK Dharmasena,RJ Tucker,Chase,2012,False,413,13,205,208,8,5,1
548319,2012,Chandigarh,2012-04-12,League,AD Mascarenhas,"Punjab Cricket Association Stadium, Mohali",Kings XI Punjab,Pune Warriors,Kings XI Punjab,field,Kings XI Punjab,wickets,7.0,116.0,20.0,N,Normal Match,VA Kulkarni,SK Tarapore,Chase,2012,True,231,13,115,116,10,3,0
548320,2012,Kolkata,2012-04-13,League,Shakib Al Hasan,Eden Gardens,Kolkata Knight Riders,Rajasthan Royals,Rajasthan Royals,bat,Kolkata Knight Riders,wickets,5.0,132.0,20.0,N,Normal Match,Asad Rauf,S Asnani,Chase,2012,False,268,10,131,137,5,5,1
548322,2012,Pune,2012-04-14,League,JD Ryder,Subrata Roy Sahara Stadium,Pune Warriors,Chennai Super Kings,Chennai Super Kings,bat,Pune Warriors,wickets,7.0,156.0,20.0,N,Normal Match,Aleem Dar,BNJ Oxenford,Chase,2012,False,311,8,155,156,5,3,1
548323,2012,Kolkata,2012-04-15,League,SP Narine,Eden Gardens,Kolkata Knight Riders,Kings XI Punjab,Kolkata Knight Riders,field,Kings XI Punjab,runs,2.0,135.0,20.0,N,Normal Match,Asad Rauf,S Asnani,Defend,2012,False,266,16,134,132,9,7,0
548324,2012,Bangalore,2012-04-15,League,AM Rahane,M Chinnaswamy Stadium,Royal Challengers Bangalore,Rajasthan Royals,Rajasthan Royals,bat,Rajasthan Royals,runs,59.0,196.0,20.0,N,Normal Match,JD Cloete,RJ Tucker,Defend,2012,True,331,12,195,136,2,10,1
548325,2012,Mumbai,2012-04-16,League,S Nadeem,Wankhede Stadium,Mumbai Indians,Delhi Daredevils,Delhi Daredevils,field,Delhi Daredevils,wickets,7.0,93.0,20.0,N,Normal Match,BF Bowden,SK Tarapore,Chase,2012,True,185,13,92,93,10,3,0
548326,2012,Jaipur,2012-04-17,League,BJ Hodge,Sawai Mansingh Stadium,Rajasthan Royals,Deccan Chargers,Deccan Chargers,bat,Rajasthan Royals,wickets,5.0,197.0,20.0,N,Normal Match,Aleem Dar,BNJ Oxenford,Chase,2012,False,393,7,196,197,2,5,1
548327,2012,Bangalore,2012-04-17,League,CH Gayle,M Chinnaswamy Stadium,Royal Challengers Bangalore,Pune Warriors,Pune Warriors,bat,Royal Challengers Bangalore,wickets,6.0,183.0,20.0,N,Normal Match,S Asnani,S Das,Chase,2012,False,368,10,182,186,6,4,1
548328,2012,Chandigarh,2012-04-18,League,G Gambhir,"Punjab Cricket Association Stadium, Mohali",Kings XI Punjab,Kolkata Knight Riders,Kings XI Punjab,bat,Kolkata Knight Riders,wickets,8.0,125.0,20.0,N,Normal Match,JD Cloete,RJ Tucker,Chase,2012,False,251,9,124,127,7,2,1
548321,2012,Delhi,2012-04-19,League,KP Pietersen,Feroz Shah Kotla,Delhi Daredevils,Deccan Chargers,Deccan Chargers,bat,Delhi Daredevils,wickets,5.0,158.0,20.0,N,Normal Match,BF Bowden,SK Tarapore,Chase,2012,False,319,13,157,162,8,5,1
548330,2012,Chennai,2012-04-19,League,KMDN Kulasekara,"MA Chidambaram Stadium, Chepauk",Chennai Super Kings,Pune Warriors,Pune Warriors,field,Chennai Super Kings,runs,13.0,165.0,20.0,N,Normal Match,Asad Rauf,S Das,Defend,2012,False,315,12,164,151,5,7,0
548331,2012,Chandigarh,2012-04-20,League,CH Gayle,"Punjab Cricket Association Stadium, Mohali",Kings XI Punjab,Royal Challengers Bangalore,Royal Challengers Bangalore,field,Royal Challengers Bangalore,wickets,5.0,164.0,20.0,N,Normal Match,S Ravi,RJ Tucker,Chase,2012,True,329,11,163,166,6,5,0
548332,2012,Chennai,2012-04-21,League,F du Plessis,"MA Chidambaram Stadium, Chepauk",Chennai Super Kings,Rajasthan Royals,Rajasthan Royals,bat,Chennai Super Kings,wickets,7.0,147.0,20.0,N,Normal Match,Aleem Dar,BNJ Oxenford,Chase,2012,False,293,7,146,147,4,3,1
548333,2012,Delhi,2012-04-21,League,SC Ganguly,Feroz Shah Kotla,Delhi Daredevils,Pune Warriors,Delhi Daredevils,field,Pune Warriors,runs,20.0,193.0,20.0,N,Normal Match,Asad Rauf,S Das,Defend,2012,False,364,10,192,172,3,7,0
548334,2012,Mumbai,2012-04-22,League,SE Marsh,Wankhede Stadium,Mumbai Indians,Kings XI Punjab,Mumbai Indians,bat,Kings XI Punjab,wickets,6.0,164.0,20.0,N,Normal Match,S Ravi,RJ Tucker,Chase,2012,False,327,10,163,164,6,4,1
548335,2012,Cuttack,2012-04-22,League,B Lee,Barabati Stadium,Deccan Chargers,Kolkata Knight Riders,Kolkata Knight Riders,field,Kolkata Knight Riders,wickets,5.0,127.0,20.0,N,Normal Match,BF Bowden,SK Tarapore,Chase,2012,True,253,12,126,127,7,5,0
548336,2012,Jaipur,2012-04-23,League,AB de Villiers,Sawai Mansingh Stadium,Rajasthan Royals,Royal Challengers Bangalore,Rajasthan Royals,field,Royal Challengers Bangalore,runs,46.0,190.0,20.0,N,Normal Match,Asad Rauf,S Asnani,Defend,2012,False,332,10,189,143,3,7,0
548337,2012,Pune,2012-04-24,League,V Sehwag,Subrata Roy Sahara Stadium,Pune Warriors,Delhi Daredevils,Pune Warriors,bat,Delhi Daredevils,wickets,8.0,147.0,20.0,N,Normal Match,S Ravi,RJ Tucker,Chase,2012,False,294,4,146,148,2,2,1
548339,2012,Chandigarh,2012-04-25,League,AT Rayudu,"Punjab Cricket Association Stadium, Mohali",Kings XI Punjab,Mumbai Indians,Kings XI Punjab,bat,Mumbai Indians,wickets,4.0,169.0,20.0,N,Normal Match,Aleem Dar,BNJ Oxenford,Chase,2012,False,339,9,168,171,3,6,1
548341,2012,Pune,2012-04-26,League,CL White,Subrata Roy Sahara Stadium,Pune Warriors,Deccan Chargers,Deccan Chargers,bat,Deccan Chargers,runs,18.0,178.0,20.0,N,Normal Match,S Ravi,RJ Tucker,Defend,2012,True,336,11,177,159,4,7,1
548342,2012,Delhi,2012-04-27,League,V Sehwag,Feroz Shah Kotla,Delhi Daredevils,Mumbai Indians,Mumbai Indians,field,Delhi Daredevils,runs,37.0,208.0,20.0,N,Normal Match,Aleem Dar,BNJ Oxenford,Defend,2012,False,377,14,207,170,5,9,0
548343,2012,Chennai,2012-04-28,League,Mandeep Singh,"MA Chidambaram Stadium, Chepauk",Chennai Super Kings,Kings XI Punjab,Kings XI Punjab,bat,Kings XI Punjab,runs,7.0,157.0,20.0,N,Normal Match,BF Bowden,SK Tarapore,Defend,2012,True,305,16,156,149,8,8,1
548344,2012,Kolkata,2012-04-28,League,G Gambhir,Eden Gardens,Kolkata Knight Riders,Royal Challengers Bangalore,Kolkata Knight Riders,bat,Kolkata Knight Riders,runs,47.0,191.0,20.0,N,Normal Match,Asad Rauf,BR Doctrove,Defend,2012,True,333,10,190,143,4,6,1
548345,2012,Delhi,2012-04-29,League,V Sehwag,Feroz Shah Kotla,Delhi Daredevils,Rajasthan Royals,Delhi Daredevils,bat,Delhi Daredevils,runs,1.0,153.0,20.0,N,Normal Match,S Ravi,RJ Tucker,Defend,2012,True,303,9,152,151,6,3,1
548346,2012,Mumbai,2012-04-29,League,DW Steyn,Wankhede Stadium,Mumbai Indians,Deccan Chargers,Mumbai Indians,field,Mumbai Indians,wickets,5.0,101.0,20.0,N,Normal Match,AK Chaudhary,BNJ Oxenford,Chase,2012,True,201,15,100,101,10,5,0
548347,2012,Chennai,2012-04-30,League,G Gambhir,"MA Chidambaram Stadium, Chepauk",Chennai Super Kings,Kolkata Knight Riders,Chennai Super Kings,bat,Kolkata Knight Riders,wickets,5.0,140.0,20.0,N,Normal Match,BF Bowden,C Shamshuddin,Chase,2012,False,279,10,139,140,5,5,1
548348,2012,Cuttack,2012-05-01,League,KC Sangakkara,Barabati Stadium,Deccan Chargers,Pune Warriors,Deccan Chargers,bat,Deccan Chargers,runs,13.0,187.0,20.0,N,Normal Match,Aleem Dar,AK Chaudhary,Defend,2012,True,359,9,186,173,4,5,1
548349,2012,Jaipur,2012-05-01,League,P Negi,Sawai Mansingh Stadium,Rajasthan Royals,Delhi Daredevils,Rajasthan Royals,bat,Delhi Daredevils,wickets,6.0,142.0,20.0,N,Normal Match,JD Cloete,SJA Taufel,Chase,2012,False,285,10,141,144,6,4,1
548350,2012,Bangalore,2012-05-02,League,Azhar Mahmood,M Chinnaswamy Stadium,Royal Challengers Bangalore,Kings XI Punjab,Kings XI Punjab,field,Kings XI Punjab,wickets,4.0,159.0,20.0,N,Normal Match,BF Bowden,C Shamshuddin,Chase,2012,True,321,11,158,163,5,6,0
548351,2012,Pune,2012-05-03,League,SL Malinga,Subrata Roy Sahara Stadium,Pune Warriors,Mumbai Indians,Mumbai Indians,bat,Mumbai Indians,runs,1.0,121.0,20.0,N,Normal Match,Asad Rauf,S Asnani,Defend,2012,True,239,15,120,119,9,6,1
548352,2012,Chennai,2012-05-04,League,SK Raina,"MA Chidambaram Stadium, Chepauk",Chennai Super Kings,Deccan Chargers,Chennai Super Kings,bat,Chennai Super Kings,runs,10.0,161.0,20.0,N,Normal Match,HDPK Dharmasena,BNJ Oxenford,Defend,2012,True,310,11,160,150,6,5,1
548353,2012,Kolkata,2012-05-05,League,SP Narine,Eden Gardens,Kolkata Knight Riders,Pune Warriors,Kolkata Knight Riders,bat,Kolkata Knight Riders,runs,7.0,151.0,20.0,N,Normal Match,BF Bowden,SK Tarapore,Defend,2012,True,293,13,150,143,5,8,1
548354,2012,Chandigarh,2012-05-05,League,SR Watson,"Punjab Cricket Association Stadium, Mohali",Kings XI Punjab,Rajasthan Royals,Rajasthan Royals,bat,Rajasthan Royals,runs,43.0,178.0,20.0,N,Normal Match,JD Cloete,SJA Taufel,Defend,2012,True,311,14,177,134,6,8,1
548355,2012,Mumbai,2012-05-06,League,DR Smith,Wankhede Stadium,Mumbai Indians,Chennai Super Kings,Mumbai Indians,field,Mumbai Indians,wickets,2.0,174.0,20.0,N,Normal Match,Asad Rauf,S Asnani,Chase,2012,True,347,16,173,174,8,8,0
548356,2012,Bangalore,2012-05-06,League,AB de Villiers,M Chinnaswamy Stadium,Royal Challengers Bangalore,Deccan Chargers,Royal Challengers Bangalore,field,Royal Challengers Bangalore,wickets,5.0,182.0,20.0,N,Normal Match,HDPK Dharmasena,BNJ Oxenford,Chase,2012,True,366,7,181,185,2,5,0
548357,2012,Delhi,2012-05-07,League,JH Kallis,Feroz Shah Kotla,Delhi Daredevils,Kolkata Knight Riders,Delhi Daredevils,bat,Kolkata Knight Riders,wickets,6.0,154.0,20.0,N,Normal Match,JD Cloete,S Ravi,Chase,2012,False,307,13,153,154,9,4,1
548358,2012,Pune,2012-05-08,League,SR Watson,Subrata Roy Sahara Stadium,Pune Warriors,Rajasthan Royals,Pune Warriors,bat,Rajasthan Royals,wickets,7.0,126.0,20.0,N,Normal Match,Asad Rauf,BR Doctrove,Chase,2012,False,251,9,125,126,6,3,1
548359,2012,Hyderabad,2012-05-08,League,Mandeep Singh,"Rajiv Gandhi International Stadium, Uppal",Deccan Chargers,Kings XI Punjab,Deccan Chargers,field,Kings XI Punjab,runs,25.0,171.0,20.0,N,Normal Match,HDPK Dharmasena,BNJ Oxenford,Defend,2012,False,315,13,170,145,5,8,0
548360,2012,Mumbai,2012-05-09,League,CH Gayle,Wankhede Stadium,Mumbai Indians,Royal Challengers Bangalore,Royal Challengers Bangalore,field,Royal Challengers Bangalore,wickets,9.0,142.0,20.0,N,Normal Match,BF Bowden,VA Kulkarni,Chase,2012,True,283,7,141,142,6,1,0
548329,2012,Hyderabad,2012-05-10,League,DA Warner,"Rajiv Gandhi International Stadium, Uppal",Deccan Chargers,Delhi Daredevils,Deccan Chargers,bat,Delhi Daredevils,wickets,9.0,188.0,20.0,N,Normal Match,JD Cloete,SJA Taufel,Chase,2012,False,380,5,187,193,4,1,1
548361,2012,Jaipur,2012-05-10,League,BW Hilfenhaus,Sawai Mansingh Stadium,Rajasthan Royals,Chennai Super Kings,Chennai Super Kings,field,Chennai Super Kings,wickets,4.0,127.0,20.0,N,Normal Match,BNJ Oxenford,C Shamshuddin,Chase,2012,True,253,12,126,127,6,6,0
548362,2012,Pune,2012-05-11,League,CH Gayle,Subrata Roy Sahara Stadium,Pune Warriors,Royal Challengers Bangalore,Pune Warriors,field,Royal Challengers Bangalore,runs,35.0,174.0,20.0,N,Normal Match,BF Bowden,SK Tarapore,Defend,2012,False,311,12,173,138,3,9,0
548363,2012,Kolkata,2012-05-12,League,RG Sharma,Eden Gardens,Kolkata Knight Riders,Mumbai Indians,Mumbai Indians,bat,Mumbai Indians,runs,27.0,183.0,20.0,N,Normal Match,S Ravi,SJA Taufel,Defend,2012,True,337,5,182,155,1,4,1
548364,2012,Chennai,2012-05-12,League,BW Hilfenhaus,"MA Chidambaram Stadium, Chepauk",Chennai Super Kings,Delhi Daredevils,Chennai Super Kings,field,Chennai Super Kings,wickets,9.0,115.0,20.0,N,Normal Match,S Das,BR Doctrove,Chase,2012,True,229,6,114,115,5,1,0
548365,2012,Jaipur,2012-05-13,League,A Chandila,Sawai Mansingh Stadium,Rajasthan Royals,Pune Warriors,Rajasthan Royals,bat,Rajasthan Royals,runs,45.0,171.0,20.0,N,Normal Match,BF Bowden,SK Tarapore,Defend,2012,True,295,13,170,125,4,9,1
548366,2012,Chandigarh,2012-05-13,League,DJ Hussey,"Punjab Cricket Association Stadium, Mohali",Kings XI Punjab,Deccan Chargers,Deccan Chargers,bat,Kings XI Punjab,wickets,4.0,191.0,20.0,N,Normal Match,HDPK Dharmasena,BNJ Oxenford,Chase,2012,False,384,10,190,194,4,6,1
548367,2012,Bangalore,2012-05-14,League,AT Rayudu,M Chinnaswamy Stadium,Royal Challengers Bangalore,Mumbai Indians,Mumbai Indians,field,Mumbai Indians,wickets,5.0,172.0,20.0,N,Normal Match,S Das,BR Doctrove,Chase,2012,True,344,11,171,173,6,5,0
548368,2012,Kolkata,2012-05-14,League,MEK Hussey,Eden Gardens,Kolkata Knight Riders,Chennai Super Kings,Chennai Super Kings,field,Chennai Super Kings,wickets,5.0,159.0,20.0,N,Normal Match,JD Cloete,SJA Taufel,Chase,2012,True,318,11,158,160,6,5,0
548369,2012,Delhi,2012-05-15,League,UT Yadav,Feroz Shah Kotla,Delhi Daredevils,Kings XI Punjab,Kings XI Punjab,bat,Delhi Daredevils,wickets,5.0,137.0,20.0,N,Normal Match,HDPK Dharmasena,BNJ Oxenford,Chase,2012,False,276,13,136,140,8,5,1
548370,2012,Mumbai,2012-05-16,League,SP Narine,Wankhede Stadium,Mumbai Indians,Kolkata Knight Riders,Mumbai Indians,field,Kolkata Knight Riders,runs,32.0,141.0,20.0,N,Normal Match,S Das,BR Doctrove,Defend,2012,False,248,17,140,108,7,10,0
548371,2012,Dharamsala,2012-05-17,League,AC Gilchrist,Himachal Pradesh Cricket Association Stadium,Kings XI Punjab,Chennai Super Kings,Kings XI Punjab,field,Kings XI Punjab,wickets,6.0,121.0,20.0,N,Normal Match,VA Kulkarni,SK Tarapore,Chase,2012,True,243,11,120,123,7,4,0
548372,2012,Delhi,2012-05-17,League,CH Gayle,Feroz Shah Kotla,Delhi Daredevils,Royal Challengers Bangalore,Delhi Daredevils,field,Royal Challengers Bangalore,runs,21.0,216.0,20.0,N,Normal Match,HDPK Dharmasena,C Shamshuddin,Defend,2012,False,409,10,215,194,1,9,0
548373,2012,Hyderabad,2012-05-18,League,DW Steyn,"Rajiv Gandhi International Stadium, Uppal",Deccan Chargers,Rajasthan Royals,Rajasthan Royals,bat,Deccan Chargers,wickets,5.0,127.0,20.0,N,Normal Match,S Ravi,SJA Taufel,Chase,2012,False,254,13,126,128,8,5,1
548374,2012,Dharamsala,2012-05-19,League,UT Yadav,Himachal Pradesh Cricket Association Stadium,Kings XI Punjab,Delhi Daredevils,Delhi Daredevils,field,Delhi Daredevils,wickets,6.0,142.0,20.0,N,Normal Match,BF Bowden,VA Kulkarni,Chase,2012,True,286,12,141,145,8,4,0
548375,2012,Pune,2012-05-19,League,Shakib Al Hasan,Subrata Roy Sahara Stadium,Pune Warriors,Kolkata Knight Riders,Kolkata Knight Riders,bat,Kolkata Knight Riders,runs,34.0,137.0,20.0,N,Normal Match,S Asnani,BR Doctrove,Defend,2012,True,238,12,136,102,4,8,1
548376,2012,Hyderabad,2012-05-20,League,DW Steyn,"Rajiv Gandhi International Stadium, Uppal",Deccan Chargers,Royal Challengers Bangalore,Royal Challengers Bangalore,field,Deccan Chargers,runs,9.0,133.0,20.0,N,Normal Match,S Ravi,SJA Taufel,Defend,2012,False,255,16,132,123,7,9,0
548377,2012,Jaipur,2012-05-20,League,DR Smith,Sawai Mansingh Stadium,Rajasthan Royals,Mumbai Indians,Rajasthan Royals,bat,Mumbai Indians,wickets,10.0,163.0,20.0,N,Normal Match,HDPK Dharmasena,C Shamshuddin,Chase,2012,False,325,6,162,163,6,0,1
548378,2012,Pune,2012-05-22,Qualifier 1,YK Pathan,Subrata Roy Sahara Stadium,Delhi Daredevils,Kolkata Knight Riders,Kolkata Knight Riders,bat,Kolkata Knight Riders,runs,18.0,163.0,20.0,N,Normal Match,BR Doctrove,SJA Taufel,Defend,2012,True,306,12,162,144,4,8,1
548379,2012,Bangalore,2012-05-23,Elimination Final,MS Dhoni,M Chinnaswamy Stadium,Chennai Super Kings,Mumbai Indians,Mumbai Indians,field,Chennai Super Kings,runs,38.0,188.0,20.0,N,Normal Match,BF Bowden,HDPK Dharmasena,Defend,2012,False,336,14,187,149,5,9,0
548380,2012,Chennai,2012-05-25,Qualifier 2,M Vijay,"MA Chidambaram Stadium, Chepauk",Delhi Daredevils,Chennai Super Kings,Delhi Daredevils,field,Chennai Super Kings,runs,86.0,223.0,20.0,N,Normal Match,BR Doctrove,SJA Taufel,Defend,2012,False,358,15,222,136,5,10,0
548381,2012,Chennai,2012-05-27,Final,MS Bisla,"MA Chidambaram Stadium, Chepauk",Kolkata Knight Riders,Chennai Super Kings,Chennai Super Kings,bat,Kolkata Knight Riders,wickets,5.0,191.0,20.0,N,Normal Match,BF Bowden,SJA Taufel,Chase,2012,False,382,8,190,192,3,5,1
597998,2013,Kolkata,2013-04-03,League,SP Narine,Eden Gardens,Kolkata Knight Riders,Delhi Daredevils,Kolkata Knight Riders,field,Kolkata Knight Riders,wickets,6.0,129.0,20.0,N,Normal Match,S Ravi,SJA Taufel,Chase,2013,True,257,14,128,129,10,4,0
597999,2013,Bangalore,2013-04-04,League,CH Gayle,M Chinnaswamy Stadium,Royal Challengers Bangalore,Mumbai Indians,Mumbai Indians,field,Royal Challengers Bangalore,runs,2.0,157.0,20.0,N,Normal Match,VA Kulkarni,C Shamshuddin,Defend,2013,False,310,10,156,154,5,5,0
598000,2013,Hyderabad,2013-04-05,League,A Mishra,"Rajiv Gandhi International Stadium, Uppal",Sunrisers Hyderabad,Pune Warriors,Pune Warriors,field,Sunrisers Hyderabad,runs,22.0,127.0,20.0,N,Normal Match,S Ravi,SJA Taufel,Defend,2013,False,230,16,126,104,6,10,0
598001,2013,Delhi,2013-04-06,League,R Dravid,Feroz Shah Kotla,Delhi Daredevils,Rajasthan Royals,Rajasthan Royals,bat,Rajasthan Royals,runs,5.0,166.0,20.0,N,Normal Match,S Das,C Shamshuddin,Defend,2013,True,325,13,165,160,7,6,1
598002,2013,Chennai,2013-04-06,League,KA Pollard,"MA Chidambaram Stadium, Chepauk",Chennai Super Kings,Mumbai Indians,Mumbai Indians,bat,Mumbai Indians,runs,9.0,149.0,20.0,N,Normal Match,M Erasmus,VA Kulkarni,Defend,2013,True,287,15,148,139,6,9,1
598003,2013,Pune,2013-04-07,League,M Vohra,Subrata Roy Sahara Stadium,Pune Warriors,Kings XI Punjab,Pune Warriors,bat,Kings XI Punjab,wickets,8.0,100.0,20.0,N,Normal Match,S Asnani,SJA Taufel,Chase,2013,False,199,11,99,100,9,2,1
598004,2013,Hyderabad,2013-04-07,League,GH Vihari,"Rajiv Gandhi International Stadium, Uppal",Sunrisers Hyderabad,Royal Challengers Bangalore,Royal Challengers Bangalore,bat,Sunrisers Hyderabad,tie,No Result,131.0,20.0,Y,Normal Match,AK Chaudhary,S Ravi,No Result,2013,False,295,15,130,130,8,7,1
598005,2013,Jaipur,2013-04-08,League,SK Trivedi,Sawai Mansingh Stadium,Rajasthan Royals,Kolkata Knight Riders,Kolkata Knight Riders,field,Rajasthan Royals,runs,19.0,145.0,20.0,N,Normal Match,Aleem Dar,S Das,Defend,2013,False,269,16,144,125,6,10,0
598006,2013,Mumbai,2013-04-09,League,KD Karthik,Wankhede Stadium,Mumbai Indians,Delhi Daredevils,Mumbai Indians,bat,Mumbai Indians,runs,44.0,210.0,20.0,N,Normal Match,M Erasmus,VA Kulkarni,Defend,2013,True,374,14,209,165,5,9,1
598048,2013,Bangalore,2013-04-09,League,V Kohli,M Chinnaswamy Stadium,Royal Challengers Bangalore,Sunrisers Hyderabad,Sunrisers Hyderabad,bat,Royal Challengers Bangalore,wickets,7.0,162.0,20.0,N,Normal Match,S Ravi,SJA Taufel,Chase,2013,False,323,9,161,162,6,3,1
598007,2013,Chandigarh,2013-04-10,League,MEK Hussey,"Punjab Cricket Association Stadium, Mohali",Kings XI Punjab,Chennai Super Kings,Chennai Super Kings,field,Chennai Super Kings,wickets,10.0,139.0,20.0,N,Normal Match,Aleem Dar,C Shamshuddin,Chase,2013,True,277,10,138,139,10,0,0
598008,2013,Bangalore,2013-04-11,League,CH Gayle,M Chinnaswamy Stadium,Royal Challengers Bangalore,Kolkata Knight Riders,Royal Challengers Bangalore,field,Royal Challengers Bangalore,wickets,8.0,155.0,20.0,N,Normal Match,Asad Rauf,AK Chaudhary,Chase,2013,True,312,10,154,158,8,2,0
598009,2013,Pune,2013-04-11,League,AJ Finch,Subrata Roy Sahara Stadium,Pune Warriors,Rajasthan Royals,Rajasthan Royals,bat,Pune Warriors,wickets,7.0,146.0,20.0,N,Normal Match,M Erasmus,K Srinath,Chase,2013,False,293,8,145,148,5,3,1
598010,2013,Delhi,2013-04-12,League,A Mishra,Feroz Shah Kotla,Delhi Daredevils,Sunrisers Hyderabad,Delhi Daredevils,bat,Sunrisers Hyderabad,wickets,3.0,115.0,20.0,N,Normal Match,Aleem Dar,Subroto Das,Chase,2013,False,229,15,114,115,8,7,1
598011,2013,Mumbai,2013-04-13,League,RG Sharma,Wankhede Stadium,Mumbai Indians,Pune Warriors,Mumbai Indians,bat,Mumbai Indians,runs,41.0,184.0,20.0,N,Normal Match,S Ravi,SJA Taufel,Defend,2013,True,325,11,183,142,3,8,1
598012,2013,Chennai,2013-04-13,League,RA Jadeja,"MA Chidambaram Stadium, Chepauk",Chennai Super Kings,Royal Challengers Bangalore,Chennai Super Kings,field,Chennai Super Kings,wickets,4.0,166.0,20.0,N,Normal Match,Asad Rauf,AK Chaudhary,Chase,2013,True,331,12,165,166,6,6,0
598013,2013,Kolkata,2013-04-14,League,G Gambhir,Eden Gardens,Kolkata Knight Riders,Sunrisers Hyderabad,Kolkata Knight Riders,bat,Kolkata Knight Riders,runs,48.0,181.0,20.0,N,Normal Match,M Erasmus,VA Kulkarni,Defend,2013,True,312,11,180,132,4,7,1
598014,2013,Jaipur,2013-04-14,League,JP Faulkner,Sawai Mansingh Stadium,Rajasthan Royals,Kings XI Punjab,Rajasthan Royals,field,Rajasthan Royals,wickets,6.0,125.0,20.0,N,Normal Match,Aleem Dar,C Shamshuddin,Chase,2013,True,250,14,124,126,10,4,0
598015,2013,Chennai,2013-04-15,League,SPD Smith,"MA Chidambaram Stadium, Chepauk",Chennai Super Kings,Pune Warriors,Pune Warriors,bat,Pune Warriors,runs,24.0,160.0,20.0,N,Normal Match,Asad Rauf,AK Chaudhary,Defend,2013,True,294,13,159,135,5,8,1
598016,2013,Chandigarh,2013-04-16,League,MS Gony,"Punjab Cricket Association Stadium, Mohali",Kings XI Punjab,Kolkata Knight Riders,Kolkata Knight Riders,field,Kings XI Punjab,runs,4.0,158.0,20.0,N,Normal Match,CK Nandan,SJA Taufel,Defend,2013,False,310,18,157,153,9,9,0
598017,2013,Bangalore,2013-04-16,League,V Kohli,M Chinnaswamy Stadium,Royal Challengers Bangalore,Delhi Daredevils,Royal Challengers Bangalore,field,Royal Challengers Bangalore,tie,No Result,153.0,20.0,Y,Normal Match,M Erasmus,VA Kulkarni,No Result,2013,True,330,14,152,152,5,7,0
598018,2013,Pune,2013-04-17,League,A Mishra,Maharashtra Cricket Association Stadium,Pune Warriors,Sunrisers Hyderabad,Pune Warriors,field,Sunrisers Hyderabad,runs,11.0,120.0,20.0,N,Normal Match,Asad Rauf,AK Chaudhary,Defend,2013,False,227,18,119,108,8,10,0
598019,2013,Jaipur,2013-04-17,League,AM Rahane,Sawai Mansingh Stadium,Rajasthan Royals,Mumbai Indians,Rajasthan Royals,bat,Rajasthan Royals,runs,87.0,180.0,20.0,N,Normal Match,Aleem Dar,C Shamshuddin,Defend,2013,True,271,13,179,92,3,10,1
598020,2013,Delhi,2013-04-18,League,MEK Hussey,Feroz Shah Kotla,Delhi Daredevils,Chennai Super Kings,Chennai Super Kings,bat,Chennai Super Kings,runs,86.0,170.0,20.0,N,Normal Match,M Erasmus,VA Kulkarni,Defend,2013,True,252,14,169,83,4,10,1
598021,2013,Hyderabad,2013-04-19,League,GH Vihari,"Rajiv Gandhi International Stadium, Uppal",Sunrisers Hyderabad,Kings XI Punjab,Kings XI Punjab,bat,Sunrisers Hyderabad,wickets,5.0,124.0,20.0,N,Normal Match,HDPK Dharmasena,CK Nandan,Chase,2013,False,250,14,123,127,9,5,1
598022,2013,Kolkata,2013-04-20,League,RA Jadeja,Eden Gardens,Kolkata Knight Riders,Chennai Super Kings,Kolkata Knight Riders,bat,Chennai Super Kings,wickets,4.0,120.0,20.0,N,Normal Match,Asad Rauf,AK Chaudhary,Chase,2013,False,243,15,119,124,9,6,1
598023,2013,Bangalore,2013-04-20,League,R Vinay Kumar,M Chinnaswamy Stadium,Royal Challengers Bangalore,Rajasthan Royals,Royal Challengers Bangalore,field,Royal Challengers Bangalore,wickets,7.0,118.0,20.0,N,Normal Match,Aleem Dar,C Shamshuddin,Chase,2013,True,240,13,117,123,10,3,0
598024,2013,Delhi,2013-04-21,League,V Sehwag,Feroz Shah Kotla,Delhi Daredevils,Mumbai Indians,Mumbai Indians,bat,Delhi Daredevils,wickets,9.0,162.0,20.0,N,Normal Match,HDPK Dharmasena,S Ravi,Chase,2013,False,326,5,161,165,4,1,1
598025,2013,Chandigarh,2013-04-21,League,DA Miller,"Punjab Cricket Association Stadium, Mohali",Kings XI Punjab,Pune Warriors,Kings XI Punjab,field,Kings XI Punjab,wickets,7.0,186.0,20.0,N,Normal Match,M Erasmus,K Srinath,Chase,2013,True,371,7,185,186,4,3,0
598026,2013,Chennai,2013-04-22,League,MEK Hussey,"MA Chidambaram Stadium, Chepauk",Chennai Super Kings,Rajasthan Royals,Rajasthan Royals,bat,Chennai Super Kings,wickets,5.0,186.0,20.0,N,Normal Match,S Asnani,AK Chaudhary,Chase,2013,False,371,9,185,186,4,5,1
598027,2013,Bangalore,2013-04-23,League,CH Gayle,M Chinnaswamy Stadium,Royal Challengers Bangalore,Pune Warriors,Pune Warriors,field,Royal Challengers Bangalore,runs,130.0,264.0,20.0,N,Normal Match,Aleem Dar,C Shamshuddin,Defend,2013,False,396,14,263,133,5,9,0
598059,2013,Delhi,2013-04-23,League,Harmeet Singh,Feroz Shah Kotla,Delhi Daredevils,Kings XI Punjab,Kings XI Punjab,field,Kings XI Punjab,wickets,5.0,121.0,20.0,N,Normal Match,VA Kulkarni,K Srinath,Chase,2013,True,241,12,120,121,7,5,0
598029,2013,Kolkata,2013-04-24,League,DR Smith,Eden Gardens,Kolkata Knight Riders,Mumbai Indians,Kolkata Knight Riders,bat,Mumbai Indians,wickets,5.0,160.0,20.0,N,Normal Match,HDPK Dharmasena,S Ravi,Chase,2013,False,321,11,159,162,6,5,1
598030,2013,Chennai,2013-04-25,League,MS Dhoni,"MA Chidambaram Stadium, Chepauk",Chennai Super Kings,Sunrisers Hyderabad,Sunrisers Hyderabad,bat,Chennai Super Kings,wickets,5.0,160.0,20.0,N,Normal Match,Aleem Dar,S Das,Chase,2013,False,319,11,159,160,6,5,1
598031,2013,Kolkata,2013-04-26,League,JH Kallis,Eden Gardens,Kolkata Knight Riders,Kings XI Punjab,Kings XI Punjab,bat,Kolkata Knight Riders,wickets,6.0,150.0,20.0,N,Normal Match,CK Nandan,S Ravi,Chase,2013,False,299,10,149,150,6,4,1
598032,2013,Jaipur,2013-04-27,League,JP Faulkner,Sawai Mansingh Stadium,Rajasthan Royals,Sunrisers Hyderabad,Sunrisers Hyderabad,bat,Rajasthan Royals,wickets,8.0,145.0,20.0,N,Normal Match,VA Kulkarni,K Srinath,Chase,2013,False,290,11,144,146,9,2,1
598033,2013,Mumbai,2013-04-27,League,DR Smith,Wankhede Stadium,Mumbai Indians,Royal Challengers Bangalore,Mumbai Indians,bat,Mumbai Indians,runs,58.0,195.0,20.0,N,Normal Match,Asad Rauf,S Asnani,Defend,2013,True,330,14,194,136,7,7,1
598034,2013,Chennai,2013-04-28,League,MEK Hussey,"MA Chidambaram Stadium, Chepauk",Chennai Super Kings,Kolkata Knight Riders,Kolkata Knight Riders,field,Chennai Super Kings,runs,14.0,201.0,20.0,N,Normal Match,Aleem Dar,SJA Taufel,Defend,2013,False,386,7,200,186,3,4,0
598035,2013,Raipur,2013-04-28,League,DA Warner,Shaheed Veer Narayan Singh International Stadium,Delhi Daredevils,Pune Warriors,Pune Warriors,field,Delhi Daredevils,runs,15.0,165.0,20.0,N,Normal Match,CK Nandan,S Ravi,Defend,2013,False,313,9,164,149,5,4,0
598036,2013,Jaipur,2013-04-29,League,SV Samson,Sawai Mansingh Stadium,Rajasthan Royals,Royal Challengers Bangalore,Rajasthan Royals,field,Rajasthan Royals,wickets,4.0,172.0,20.0,N,Normal Match,M Erasmus,K Srinath,Chase,2013,True,344,12,171,173,6,6,0
598037,2013,Mumbai,2013-04-29,League,RG Sharma,Wankhede Stadium,Mumbai Indians,Kings XI Punjab,Mumbai Indians,bat,Mumbai Indians,runs,4.0,175.0,20.0,N,Normal Match,Asad Rauf,AK Chaudhary,Defend,2013,True,344,13,174,170,3,10,1
598038,2013,Pune,2013-04-30,League,MS Dhoni,Subrata Roy Sahara Stadium,Pune Warriors,Chennai Super Kings,Chennai Super Kings,bat,Chennai Super Kings,runs,37.0,165.0,20.0,N,Normal Match,S Das,SJA Taufel,Defend,2013,True,291,12,164,127,3,9,1
598039,2013,Hyderabad,2013-05-01,League,I Sharma,"Rajiv Gandhi International Stadium, Uppal",Sunrisers Hyderabad,Mumbai Indians,Mumbai Indians,bat,Sunrisers Hyderabad,wickets,7.0,130.0,20.0,N,Normal Match,Asad Rauf,S Asnani,Chase,2013,False,259,7,129,130,4,3,1
598040,2013,Raipur,2013-05-01,League,DA Warner,Shaheed Veer Narayan Singh International Stadium,Delhi Daredevils,Kolkata Knight Riders,Kolkata Knight Riders,bat,Delhi Daredevils,wickets,7.0,137.0,20.0,N,Normal Match,HDPK Dharmasena,CK Nandan,Chase,2013,False,273,10,136,137,7,3,1
598041,2013,Chennai,2013-05-02,League,SK Raina,"MA Chidambaram Stadium, Chepauk",Chennai Super Kings,Kings XI Punjab,Chennai Super Kings,bat,Chennai Super Kings,runs,15.0,187.0,20.0,N,Normal Match,M Erasmus,VA Kulkarni,Defend,2013,True,357,10,186,171,4,6,1
598042,2013,Pune,2013-05-02,League,AB de Villiers,Subrata Roy Sahara Stadium,Pune Warriors,Royal Challengers Bangalore,Royal Challengers Bangalore,bat,Royal Challengers Bangalore,runs,17.0,188.0,20.0,N,Normal Match,Aleem Dar,C Shamshuddin,Defend,2013,True,357,12,187,170,3,9,1
598043,2013,Kolkata,2013-05-03,League,YK Pathan,Eden Gardens,Kolkata Knight Riders,Rajasthan Royals,Rajasthan Royals,bat,Kolkata Knight Riders,wickets,8.0,133.0,20.0,N,Normal Match,HDPK Dharmasena,CK Nandan,Chase,2013,False,265,8,132,133,6,2,1
598044,2013,Hyderabad,2013-05-04,League,DJG Sammy,"Rajiv Gandhi International Stadium, Uppal",Sunrisers Hyderabad,Delhi Daredevils,Delhi Daredevils,bat,Sunrisers Hyderabad,wickets,6.0,81.0,20.0,N,Normal Match,Asad Rauf,S Asnani,Chase,2013,False,161,14,80,81,10,4,1
598046,2013,Mumbai,2013-05-05,League,MG Johnson,Wankhede Stadium,Mumbai Indians,Chennai Super Kings,Mumbai Indians,bat,Mumbai Indians,runs,60.0,140.0,20.0,N,Normal Match,HDPK Dharmasena,CK Nandan,Defend,2013,True,218,15,139,79,5,10,1
598047,2013,Jaipur,2013-05-05,League,AM Rahane,Sawai Mansingh Stadium,Rajasthan Royals,Pune Warriors,Pune Warriors,bat,Rajasthan Royals,wickets,5.0,179.0,20.0,N,Normal Match,C Shamshuddin,RJ Tucker,Chase,2013,False,360,9,178,182,4,5,1
598064,2013,Chandigarh,2013-05-06,League,DA Miller,"Punjab Cricket Association Stadium, Mohali",Kings XI Punjab,Royal Challengers Bangalore,Kings XI Punjab,field,Kings XI Punjab,wickets,6.0,191.0,20.0,N,Normal Match,VA Kulkarni,NJ Llong,Chase,2013,True,384,7,190,194,3,4,0
598049,2013,Jaipur,2013-05-07,League,AM Rahane,Sawai Mansingh Stadium,Rajasthan Royals,Delhi Daredevils,Delhi Daredevils,bat,Rajasthan Royals,wickets,9.0,155.0,20.0,N,Normal Match,Aleem Dar,RJ Tucker,Chase,2013,False,309,5,154,155,4,1,1
598050,2013,Mumbai,2013-05-07,League,SR Tendulkar,Wankhede Stadium,Mumbai Indians,Kolkata Knight Riders,Mumbai Indians,bat,Mumbai Indians,runs,65.0,171.0,20.0,N,Normal Match,HDPK Dharmasena,S Ravi,Defend,2013,True,275,16,170,105,6,10,1
598051,2013,Hyderabad,2013-05-08,League,SK Raina,"Rajiv Gandhi International Stadium, Uppal",Sunrisers Hyderabad,Chennai Super Kings,Sunrisers Hyderabad,field,Chennai Super Kings,runs,77.0,224.0,20.0,N,Normal Match,S Das,NJ Llong,Defend,2013,False,369,11,223,146,3,8,0
598052,2013,Chandigarh,2013-05-09,League,KK Cooper,"Punjab Cricket Association Stadium, Mohali",Kings XI Punjab,Rajasthan Royals,Rajasthan Royals,field,Rajasthan Royals,wickets,8.0,146.0,20.0,N,Normal Match,HDPK Dharmasena,S Ravi,Chase,2013,True,292,8,145,147,6,2,0
598053,2013,Pune,2013-05-09,League,G Gambhir,Subrata Roy Sahara Stadium,Pune Warriors,Kolkata Knight Riders,Kolkata Knight Riders,bat,Kolkata Knight Riders,runs,46.0,153.0,20.0,N,Normal Match,Asad Rauf,S Asnani,Defend,2013,True,258,16,152,106,6,10,1
598054,2013,Delhi,2013-05-10,League,JD Unadkat,Feroz Shah Kotla,Delhi Daredevils,Royal Challengers Bangalore,Delhi Daredevils,field,Royal Challengers Bangalore,runs,4.0,184.0,20.0,N,Normal Match,NJ Llong,K Srinath,Defend,2013,False,362,11,183,179,4,7,0
598055,2013,Pune,2013-05-11,League,MG Johnson,Subrata Roy Sahara Stadium,Pune Warriors,Mumbai Indians,Pune Warriors,bat,Mumbai Indians,wickets,5.0,113.0,20.0,N,Normal Match,Asad Rauf,AK Chaudhary,Chase,2013,False,228,13,112,116,8,5,1
598056,2013,Chandigarh,2013-05-11,League,PA Patel,"Punjab Cricket Association Stadium, Mohali",Kings XI Punjab,Sunrisers Hyderabad,Kings XI Punjab,field,Sunrisers Hyderabad,runs,30.0,151.0,20.0,N,Normal Match,S Das,RJ Tucker,Defend,2013,False,270,16,150,120,7,9,0
598057,2013,Ranchi,2013-05-12,League,JH Kallis,JSCA International Stadium Complex,Kolkata Knight Riders,Royal Challengers Bangalore,Kolkata Knight Riders,field,Kolkata Knight Riders,wickets,5.0,116.0,20.0,N,Normal Match,NJ Llong,K Srinath,Chase,2013,True,231,14,115,116,9,5,0
598058,2013,Jaipur,2013-05-12,League,SR Watson,Sawai Mansingh Stadium,Rajasthan Royals,Chennai Super Kings,Rajasthan Royals,field,Rajasthan Royals,wickets,5.0,142.0,20.0,N,Normal Match,HDPK Dharmasena,CK Nandan,Chase,2013,True,285,9,141,144,4,5,0
598060,2013,Mumbai,2013-05-13,League,KA Pollard,Wankhede Stadium,Mumbai Indians,Sunrisers Hyderabad,Sunrisers Hyderabad,bat,Mumbai Indians,wickets,7.0,179.0,20.0,N,Normal Match,AK Chaudhary,SJA Taufel,Chase,2013,False,362,7,178,184,3,4,1
598045,2013,Bangalore,2013-05-14,League,AC Gilchrist,M Chinnaswamy Stadium,Royal Challengers Bangalore,Kings XI Punjab,Kings XI Punjab,field,Kings XI Punjab,wickets,7.0,175.0,20.0,N,Normal Match,HDPK Dharmasena,S Ravi,Chase,2013,True,350,8,174,176,5,3,0
598062,2013,Chennai,2013-05-14,League,MS Dhoni,"MA Chidambaram Stadium, Chepauk",Chennai Super Kings,Delhi Daredevils,Chennai Super Kings,bat,Chennai Super Kings,runs,33.0,169.0,20.0,N,Normal Match,C Shamshuddin,RJ Tucker,Defend,2013,True,303,13,168,135,4,9,1
598061,2013,Ranchi,2013-05-15,League,MK Pandey,JSCA International Stadium Complex,Kolkata Knight Riders,Pune Warriors,Kolkata Knight Riders,field,Pune Warriors,runs,7.0,171.0,20.0,N,Normal Match,NJ Llong,K Srinath,Defend,2013,False,333,11,170,163,4,7,0
598063,2013,Mumbai,2013-05-15,League,AP Tare,Wankhede Stadium,Mumbai Indians,Rajasthan Royals,Rajasthan Royals,field,Mumbai Indians,runs,14.0,167.0,20.0,N,Normal Match,Asad Rauf,S Asnani,Defend,2013,False,318,15,166,152,8,7,0
598028,2013,Dharamsala,2013-05-16,League,DA Miller,Himachal Pradesh Cricket Association Stadium,Kings XI Punjab,Delhi Daredevils,Delhi Daredevils,field,Kings XI Punjab,runs,7.0,172.0,20.0,N,Normal Match,HDPK Dharmasena,S Ravi,Defend,2013,False,335,11,171,164,4,7,0
598065,2013,Hyderabad,2013-05-17,League,A Mishra,"Rajiv Gandhi International Stadium, Uppal",Sunrisers Hyderabad,Rajasthan Royals,Sunrisers Hyderabad,bat,Sunrisers Hyderabad,runs,23.0,137.0,20.0,N,Normal Match,Asad Rauf,AK Chaudhary,Defend,2013,True,249,18,136,113,9,9,1
598066,2013,Dharamsala,2013-05-18,League,Azhar Mahmood,Himachal Pradesh Cricket Association Stadium,Kings XI Punjab,Mumbai Indians,Mumbai Indians,field,Kings XI Punjab,runs,50.0,184.0,20.0,N,Normal Match,HDPK Dharmasena,CK Nandan,Defend,2013,False,316,17,183,133,8,9,0
598068,2013,Bangalore,2013-05-18,League,V Kohli,M Chinnaswamy Stadium,Royal Challengers Bangalore,Chennai Super Kings,Chennai Super Kings,field,Royal Challengers Bangalore,runs,24.0,107.0,8.0,N,Normal Match,C Shamshuddin,RJ Tucker,Defend,2013,False,188,8,106,82,2,6,0
598067,2013,Pune,2013-05-19,League,LJ Wright,Subrata Roy Sahara Stadium,Pune Warriors,Delhi Daredevils,Pune Warriors,bat,Pune Warriors,runs,38.0,173.0,20.0,N,Normal Match,NJ Llong,SJA Taufel,Defend,2013,True,306,14,172,134,5,9,1
598069,2013,Hyderabad,2013-05-19,League,PA Patel,"Rajiv Gandhi International Stadium, Uppal",Sunrisers Hyderabad,Kolkata Knight Riders,Kolkata Knight Riders,bat,Sunrisers Hyderabad,wickets,5.0,131.0,20.0,N,Normal Match,Asad Rauf,S Asnani,Chase,2013,False,262,12,130,132,7,5,1
598070,2013,Delhi,2013-05-21,Qualifier 1,MEK Hussey,Feroz Shah Kotla,Chennai Super Kings,Mumbai Indians,Chennai Super Kings,bat,Chennai Super Kings,runs,48.0,193.0,20.0,N,Normal Match,NJ Llong,RJ Tucker,Defend,2013,True,336,11,192,144,1,10,1
598071,2013,Delhi,2013-05-22,Eliminator,BJ Hodge,Feroz Shah Kotla,Rajasthan Royals,Sunrisers Hyderabad,Sunrisers Hyderabad,bat,Rajasthan Royals,wickets,4.0,133.0,20.0,N,Normal Match,S Ravi,RJ Tucker,Chase,2013,False,267,13,132,135,7,6,1
598072,2013,Kolkata,2013-05-24,Qualifier 2,Harbhajan Singh,Eden Gardens,Mumbai Indians,Rajasthan Royals,Rajasthan Royals,bat,Mumbai Indians,wickets,4.0,166.0,20.0,N,Normal Match,C Shamshuddin,SJA Taufel,Chase,2013,False,334,12,165,169,6,6,1
598073,2013,Kolkata,2013-05-26,Final,KA Pollard,Eden Gardens,Chennai Super Kings,Mumbai Indians,Mumbai Indians,bat,Mumbai Indians,runs,23.0,149.0,20.0,N,Normal Match,HDPK Dharmasena,SJA Taufel,Defend,2013,True,273,18,148,125,9,9,1
729279,2014,Abu Dhabi,2014-04-16,League,JH Kallis,Sheikh Zayed Stadium,Mumbai Indians,Kolkata Knight Riders,Kolkata Knight Riders,bat,Kolkata Knight Riders,runs,41.0,164.0,20.0,N,Normal Match,M Erasmus,RK Illingworth,Defend,2014,True,285,12,163,122,5,7,1
729281,2014,Unknown,2014-04-17,League,YS Chahal,Sharjah Cricket Stadium,Delhi Daredevils,Royal Challengers Bangalore,Royal Challengers Bangalore,field,Royal Challengers Bangalore,wickets,8.0,146.0,20.0,N,Normal Match,Aleem Dar,S Ravi,Chase,2014,True,291,6,145,146,4,2,0
729283,2014,Abu Dhabi,2014-04-18,League,GJ Maxwell,Sheikh Zayed Stadium,Chennai Super Kings,Kings XI Punjab,Chennai Super Kings,bat,Kings XI Punjab,wickets,6.0,206.0,20.0,N,Normal Match,RK Illingworth,C Shamshuddin,Chase,2014,False,411,8,205,206,4,4,1
729285,2014,Abu Dhabi,2014-04-18,League,AM Rahane,Sheikh Zayed Stadium,Sunrisers Hyderabad,Rajasthan Royals,Rajasthan Royals,field,Rajasthan Royals,wickets,4.0,134.0,20.0,N,Normal Match,BF Bowden,RK Illingworth,Chase,2014,True,268,12,133,135,6,6,0
729287,2014,Unknown,2014-04-19,League,PA Patel,Dubai International Cricket Stadium,Royal Challengers Bangalore,Mumbai Indians,Royal Challengers Bangalore,field,Royal Challengers Bangalore,wickets,7.0,116.0,20.0,N,Normal Match,Aleem Dar,AK Chaudhary,Chase,2014,True,231,12,115,116,9,3,0
729289,2014,Unknown,2014-04-19,League,JP Duminy,Dubai International Cricket Stadium,Kolkata Knight Riders,Delhi Daredevils,Kolkata Knight Riders,bat,Delhi Daredevils,wickets,4.0,167.0,20.0,N,Normal Match,Aleem Dar,VA Kulkarni,Chase,2014,False,333,11,166,167,5,6,1
729291,2014,Unknown,2014-04-20,League,GJ Maxwell,Sharjah Cricket Stadium,Rajasthan Royals,Kings XI Punjab,Kings XI Punjab,field,Kings XI Punjab,wickets,7.0,192.0,20.0,N,Normal Match,BF Bowden,M Erasmus,Chase,2014,True,384,8,191,193,5,3,0
729293,2014,Abu Dhabi,2014-04-21,League,SK Raina,Sheikh Zayed Stadium,Chennai Super Kings,Delhi Daredevils,Chennai Super Kings,bat,Chennai Super Kings,runs,93.0,178.0,20.0,N,Normal Match,RK Illingworth,C Shamshuddin,Defend,2014,True,261,16,177,84,7,9,1
729295,2014,Unknown,2014-04-22,League,GJ Maxwell,Sharjah Cricket Stadium,Kings XI Punjab,Sunrisers Hyderabad,Sunrisers Hyderabad,field,Kings XI Punjab,runs,72.0,194.0,20.0,N,Normal Match,M Erasmus,S Ravi,Defend,2014,False,314,16,193,121,6,10,0
729297,2014,Unknown,2014-04-23,League,RA Jadeja,Dubai International Cricket Stadium,Rajasthan Royals,Chennai Super Kings,Rajasthan Royals,field,Chennai Super Kings,runs,7.0,141.0,20.0,N,Normal Match,HDPK Dharmasena,RK Illingworth,Defend,2014,False,273,16,140,133,6,10,0
729299,2014,Unknown,2014-04-24,League,CA Lynn,Sharjah Cricket Stadium,Royal Challengers Bangalore,Kolkata Knight Riders,Royal Challengers Bangalore,field,Kolkata Knight Riders,runs,2.0,151.0,20.0,N,Normal Match,Aleem Dar,VA Kulkarni,Defend,2014,False,298,12,150,148,7,5,0
729301,2014,Unknown,2014-04-25,League,AJ Finch,Dubai International Cricket Stadium,Sunrisers Hyderabad,Delhi Daredevils,Sunrisers Hyderabad,bat,Sunrisers Hyderabad,runs,4.0,185.0,20.0,N,Normal Match,M Erasmus,S Ravi,Defend,2014,True,364,5,184,180,1,4,1
729303,2014,Unknown,2014-04-25,League,MM Sharma,Dubai International Cricket Stadium,Chennai Super Kings,Mumbai Indians,Mumbai Indians,bat,Chennai Super Kings,wickets,7.0,142.0,20.0,N,Normal Match,BF Bowden,M Erasmus,Chase,2014,False,283,10,141,142,7,3,1
729305,2014,Abu Dhabi,2014-04-26,League,PV Tambe,Sheikh Zayed Stadium,Rajasthan Royals,Royal Challengers Bangalore,Rajasthan Royals,field,Rajasthan Royals,wickets,6.0,71.0,20.0,N,Normal Match,HDPK Dharmasena,C Shamshuddin,Chase,2014,True,141,14,70,71,10,4,0
729307,2014,Abu Dhabi,2014-04-26,League,Sandeep Sharma,Sheikh Zayed Stadium,Kolkata Knight Riders,Kings XI Punjab,Kolkata Knight Riders,field,Kings XI Punjab,runs,23.0,133.0,20.0,N,Normal Match,HDPK Dharmasena,RK Illingworth,Defend,2014,False,241,19,132,109,9,10,0
729309,2014,Unknown,2014-04-27,League,M Vijay,Sharjah Cricket Stadium,Delhi Daredevils,Mumbai Indians,Mumbai Indians,bat,Delhi Daredevils,wickets,6.0,126.0,20.0,N,Normal Match,Aleem Dar,VA Kulkarni,Chase,2014,False,251,11,125,126,7,4,1
729311,2014,Unknown,2014-04-27,League,DR Smith,Sharjah Cricket Stadium,Sunrisers Hyderabad,Chennai Super Kings,Sunrisers Hyderabad,bat,Chennai Super Kings,wickets,5.0,146.0,20.0,N,Normal Match,AK Chaudhary,VA Kulkarni,Chase,2014,False,291,10,145,146,5,5,1
729313,2014,Unknown,2014-04-28,League,Sandeep Sharma,Dubai International Cricket Stadium,Kings XI Punjab,Royal Challengers Bangalore,Kings XI Punjab,field,Kings XI Punjab,wickets,5.0,125.0,20.0,N,Normal Match,BF Bowden,S Ravi,Chase,2014,True,251,13,124,127,8,5,0
729315,2014,Abu Dhabi,2014-04-29,League,JP Faulkner,Sheikh Zayed Stadium,Kolkata Knight Riders,Rajasthan Royals,Rajasthan Royals,bat,Rajasthan Royals,tie,No Result,153.0,20.0,Y,Normal Match,Aleem Dar,AK Chaudhary,No Result,2014,True,326,15,152,152,5,8,1
729317,2014,Unknown,2014-04-30,League,B Kumar,Dubai International Cricket Stadium,Mumbai Indians,Sunrisers Hyderabad,Mumbai Indians,field,Sunrisers Hyderabad,runs,15.0,173.0,20.0,N,Normal Match,HDPK Dharmasena,M Erasmus,Defend,2014,False,329,12,172,157,5,7,0
733971,2014,Ranchi,2014-05-02,League,RA Jadeja,JSCA International Stadium Complex,Chennai Super Kings,Kolkata Knight Riders,Chennai Super Kings,bat,Chennai Super Kings,runs,34.0,149.0,17.0,N,Normal Match,AK Chaudhary,NJ Llong,Defend,2014,True,262,12,148,114,3,9,1
733973,2014,Mumbai,2014-05-03,League,CJ Anderson,Wankhede Stadium,Mumbai Indians,Kings XI Punjab,Kings XI Punjab,bat,Mumbai Indians,wickets,5.0,169.0,20.0,N,Normal Match,BNJ Oxenford,C Shamshuddin,Chase,2014,False,338,10,168,170,5,5,1
733975,2014,Delhi,2014-05-03,League,KK Nair,Feroz Shah Kotla,Delhi Daredevils,Rajasthan Royals,Rajasthan Royals,field,Rajasthan Royals,wickets,7.0,153.0,20.0,N,Normal Match,SS Hazare,S Ravi,Chase,2014,True,308,8,152,156,5,3,0
733977,2014,Bangalore,2014-05-04,League,AB de Villiers,M Chinnaswamy Stadium,Royal Challengers Bangalore,Sunrisers Hyderabad,Royal Challengers Bangalore,field,Royal Challengers Bangalore,wickets,4.0,156.0,20.0,N,Normal Match,HDPK Dharmasena,VA Kulkarni,Chase,2014,True,313,12,155,158,6,6,0
733979,2014,Ahmedabad,2014-05-05,League,PV Tambe,"Sardar Patel Stadium, Motera",Rajasthan Royals,Kolkata Knight Riders,Kolkata Knight Riders,field,Rajasthan Royals,runs,10.0,171.0,20.0,N,Normal Match,NJ Llong,CK Nandan,Defend,2014,False,330,12,170,160,6,6,0
733981,2014,Delhi,2014-05-05,League,DR Smith,Feroz Shah Kotla,Delhi Daredevils,Chennai Super Kings,Chennai Super Kings,field,Chennai Super Kings,wickets,8.0,179.0,20.0,N,Normal Match,RM Deshpande,BNJ Oxenford,Chase,2014,True,359,7,178,181,5,2,0
733983,2014,Mumbai,2014-05-06,League,RG Sharma,Wankhede Stadium,Mumbai Indians,Royal Challengers Bangalore,Royal Challengers Bangalore,field,Mumbai Indians,runs,19.0,188.0,20.0,N,Normal Match,S Ravi,K Srinath,Defend,2014,False,355,13,187,168,5,8,0
733985,2014,Delhi,2014-05-07,League,G Gambhir,Feroz Shah Kotla,Delhi Daredevils,Kolkata Knight Riders,Delhi Daredevils,bat,Kolkata Knight Riders,wickets,8.0,161.0,20.0,N,Normal Match,BNJ Oxenford,C Shamshuddin,Chase,2014,False,321,7,160,161,5,2,1
733987,2014,Cuttack,2014-05-07,League,GJ Maxwell,Barabati Stadium,Kings XI Punjab,Chennai Super Kings,Chennai Super Kings,field,Kings XI Punjab,runs,44.0,232.0,20.0,N,Normal Match,HDPK Dharmasena,PG Pathak,Defend,2014,False,418,10,231,187,4,6,0
733989,2014,Ahmedabad,2014-05-08,League,B Kumar,"Sardar Patel Stadium, Motera",Rajasthan Royals,Sunrisers Hyderabad,Rajasthan Royals,field,Sunrisers Hyderabad,runs,32.0,135.0,20.0,N,Normal Match,AK Chaudhary,NJ Llong,Defend,2014,False,236,19,134,102,9,10,0
733991,2014,Bangalore,2014-05-09,League,Sandeep Sharma,M Chinnaswamy Stadium,Royal Challengers Bangalore,Kings XI Punjab,Royal Challengers Bangalore,field,Kings XI Punjab,runs,32.0,199.0,20.0,N,Normal Match,S Ravi,K Srinath,Defend,2014,False,364,17,198,166,8,9,0
733993,2014,Delhi,2014-05-10,League,DW Steyn,Feroz Shah Kotla,Delhi Daredevils,Sunrisers Hyderabad,Sunrisers Hyderabad,field,Sunrisers Hyderabad,wickets,8.0,43.0,5.0,N,D/L,RM Deshpande,BNJ Oxenford,Chase,2014,True,187,9,143,44,7,2,0
733995,2014,Mumbai,2014-05-10,League,DR Smith,Wankhede Stadium,Mumbai Indians,Chennai Super Kings,Chennai Super Kings,field,Chennai Super Kings,wickets,4.0,158.0,20.0,N,Normal Match,HDPK Dharmasena,VA Kulkarni,Chase,2014,True,317,12,157,160,6,6,0
733997,2014,Cuttack,2014-05-11,League,G Gambhir,Barabati Stadium,Kings XI Punjab,Kolkata Knight Riders,Kolkata Knight Riders,field,Kolkata Knight Riders,wickets,9.0,150.0,20.0,N,Normal Match,NJ Llong,CK Nandan,Chase,2014,True,299,9,149,150,8,1,0
733999,2014,Bangalore,2014-05-11,League,JP Faulkner,M Chinnaswamy Stadium,Royal Challengers Bangalore,Rajasthan Royals,Royal Challengers Bangalore,bat,Rajasthan Royals,wickets,5.0,191.0,20.0,N,Normal Match,S Ravi,RJ Tucker,Chase,2014,False,381,10,190,191,5,5,1
734001,2014,Hyderabad,2014-05-12,League,AT Rayudu,"Rajiv Gandhi International Stadium, Uppal",Sunrisers Hyderabad,Mumbai Indians,Sunrisers Hyderabad,bat,Mumbai Indians,wickets,7.0,158.0,20.0,N,Normal Match,HDPK Dharmasena,VA Kulkarni,Chase,2014,False,317,6,157,160,3,3,1
734003,2014,Ranchi,2014-05-13,League,RA Jadeja,JSCA International Stadium Complex,Chennai Super Kings,Rajasthan Royals,Rajasthan Royals,bat,Chennai Super Kings,wickets,5.0,149.0,20.0,N,Normal Match,BNJ Oxenford,C Shamshuddin,Chase,2014,False,297,13,148,149,8,5,1
734005,2014,Bangalore,2014-05-13,League,Yuvraj Singh,M Chinnaswamy Stadium,Royal Challengers Bangalore,Delhi Daredevils,Delhi Daredevils,field,Royal Challengers Bangalore,runs,16.0,187.0,20.0,N,Normal Match,K Srinath,RJ Tucker,Defend,2014,False,356,11,186,170,4,7,0
734007,2014,Hyderabad,2014-05-14,League,WP Saha,"Rajiv Gandhi International Stadium, Uppal",Sunrisers Hyderabad,Kings XI Punjab,Kings XI Punjab,field,Kings XI Punjab,wickets,6.0,206.0,20.0,N,Normal Match,VA Kulkarni,PG Pathak,Chase,2014,True,416,9,205,211,5,4,0
734009,2014,Cuttack,2014-05-14,League,RV Uthappa,Barabati Stadium,Kolkata Knight Riders,Mumbai Indians,Kolkata Knight Riders,field,Kolkata Knight Riders,wickets,6.0,142.0,20.0,N,Normal Match,AK Chaudhary,NJ Llong,Chase,2014,True,283,9,141,142,5,4,0
734011,2014,Ahmedabad,2014-05-15,League,AM Rahane,"Sardar Patel Stadium, Motera",Rajasthan Royals,Delhi Daredevils,Delhi Daredevils,field,Rajasthan Royals,runs,62.0,202.0,20.0,N,Normal Match,S Ravi,RJ Tucker,Defend,2014,False,340,15,201,139,6,9,0
734013,2014,Ranchi,2014-05-18,League,AB de Villiers,JSCA International Stadium Complex,Chennai Super Kings,Royal Challengers Bangalore,Chennai Super Kings,bat,Royal Challengers Bangalore,wickets,5.0,139.0,20.0,N,Normal Match,BNJ Oxenford,C Shamshuddin,Chase,2014,False,280,9,138,142,4,5,1
734015,2014,Hyderabad,2014-05-18,League,UT Yadav,"Rajiv Gandhi International Stadium, Uppal",Sunrisers Hyderabad,Kolkata Knight Riders,Sunrisers Hyderabad,bat,Kolkata Knight Riders,wickets,7.0,143.0,20.0,N,Normal Match,NJ Llong,CK Nandan,Chase,2014,False,288,11,142,146,8,3,1
734017,2014,Ahmedabad,2014-05-19,League,MEK Hussey,"Sardar Patel Stadium, Motera",Rajasthan Royals,Mumbai Indians,Mumbai Indians,bat,Mumbai Indians,runs,25.0,179.0,20.0,N,Normal Match,S Ravi,RJ Tucker,Defend,2014,True,331,11,178,153,3,8,1
734019,2014,Delhi,2014-05-19,League,AR Patel,Feroz Shah Kotla,Delhi Daredevils,Kings XI Punjab,Kings XI Punjab,field,Kings XI Punjab,wickets,4.0,165.0,20.0,N,Normal Match,HDPK Dharmasena,PG Pathak,Chase,2014,True,329,13,164,165,7,6,0
734021,2014,Hyderabad,2014-05-20,League,DA Warner,"Rajiv Gandhi International Stadium, Uppal",Sunrisers Hyderabad,Royal Challengers Bangalore,Royal Challengers Bangalore,bat,Sunrisers Hyderabad,wickets,7.0,161.0,20.0,N,Normal Match,AK Chaudhary,NJ Llong,Chase,2014,False,321,9,160,161,6,3,1
734023,2014,Kolkata,2014-05-20,League,RV Uthappa,Eden Gardens,Kolkata Knight Riders,Chennai Super Kings,Kolkata Knight Riders,field,Kolkata Knight Riders,wickets,8.0,155.0,20.0,N,Normal Match,RM Deshpande,C Shamshuddin,Chase,2014,True,310,6,154,156,4,2,0
734025,2014,Chandigarh,2014-05-21,League,LMP Simmons,"Punjab Cricket Association Stadium, Mohali",Kings XI Punjab,Mumbai Indians,Mumbai Indians,field,Mumbai Indians,wickets,7.0,157.0,20.0,N,Normal Match,HDPK Dharmasena,VA Kulkarni,Chase,2014,True,315,11,156,159,8,3,0
734027,2014,Kolkata,2014-05-22,League,RV Uthappa,Eden Gardens,Kolkata Knight Riders,Royal Challengers Bangalore,Royal Challengers Bangalore,field,Kolkata Knight Riders,runs,30.0,196.0,20.0,N,Normal Match,AK Chaudhary,CK Nandan,Defend,2014,False,360,9,195,165,4,5,0
734029,2014,Ranchi,2014-05-22,League,DA Warner,JSCA International Stadium Complex,Chennai Super Kings,Sunrisers Hyderabad,Sunrisers Hyderabad,field,Sunrisers Hyderabad,wickets,6.0,186.0,20.0,N,Normal Match,BNJ Oxenford,C Shamshuddin,Chase,2014,True,374,7,185,189,3,4,0
734031,2014,Mumbai,2014-05-23,League,MEK Hussey,Wankhede Stadium,Mumbai Indians,Delhi Daredevils,Delhi Daredevils,field,Mumbai Indians,runs,15.0,174.0,20.0,N,Normal Match,S Ravi,RJ Tucker,Defend,2014,False,331,14,173,158,10,4,0
734033,2014,Chandigarh,2014-05-23,League,SE Marsh,"Punjab Cricket Association Stadium, Mohali",Kings XI Punjab,Rajasthan Royals,Rajasthan Royals,field,Kings XI Punjab,runs,16.0,180.0,20.0,N,Normal Match,HDPK Dharmasena,PG Pathak,Defend,2014,False,342,12,179,163,4,8,0
734035,2014,Bangalore,2014-05-24,League,MS Dhoni,M Chinnaswamy Stadium,Royal Challengers Bangalore,Chennai Super Kings,Chennai Super Kings,field,Chennai Super Kings,wickets,8.0,155.0,20.0,N,Normal Match,AK Chaudhary,NJ Llong,Chase,2014,True,314,8,154,160,6,2,0
734037,2014,Kolkata,2014-05-24,League,YK Pathan,Eden Gardens,Kolkata Knight Riders,Sunrisers Hyderabad,Kolkata Knight Riders,field,Kolkata Knight Riders,wickets,4.0,161.0,20.0,N,Normal Match,RM Deshpande,BNJ Oxenford,Chase,2014,True,321,13,160,161,7,6,0
734039,2014,Chandigarh,2014-05-25,League,M Vohra,"Punjab Cricket Association Stadium, Mohali",Kings XI Punjab,Delhi Daredevils,Kings XI Punjab,field,Kings XI Punjab,wickets,7.0,116.0,20.0,N,Normal Match,HDPK Dharmasena,VA Kulkarni,Chase,2014,True,234,13,115,119,10,3,0
734041,2014,Mumbai,2014-05-25,League,CJ Anderson,Wankhede Stadium,Mumbai Indians,Rajasthan Royals,Mumbai Indians,field,Mumbai Indians,wickets,5.0,190.0,20.0,N,Normal Match,K Srinath,RJ Tucker,Chase,2014,True,384,9,189,195,4,5,0
734043,2014,Kolkata,2014-05-27,Qualifier 1,UT Yadav,Eden Gardens,Kings XI Punjab,Kolkata Knight Riders,Kings XI Punjab,field,Kolkata Knight Riders,runs,28.0,164.0,20.0,N,Normal Match,NJ Llong,S Ravi,Defend,2014,False,298,16,163,135,8,8,0
734045,2014,Mumbai,2014-05-28,Eliminator,SK Raina,Brabourne Stadium,Chennai Super Kings,Mumbai Indians,Chennai Super Kings,field,Chennai Super Kings,wickets,7.0,174.0,20.0,N,Normal Match,VA Kulkarni,BNJ Oxenford,Chase,2014,True,349,11,173,176,8,3,0
734047,2014,Mumbai,2014-05-30,Qualifier 2,V Sehwag,Wankhede Stadium,Chennai Super Kings,Kings XI Punjab,Chennai Super Kings,field,Kings XI Punjab,runs,24.0,227.0,20.0,N,Normal Match,HDPK Dharmasena,RJ Tucker,Defend,2014,False,428,13,226,202,6,7,0
734049,2014,Bangalore,2014-06-01,Final,MK Pandey,M Chinnaswamy Stadium,Kolkata Knight Riders,Kings XI Punjab,Kolkata Knight Riders,field,Kolkata Knight Riders,wickets,3.0,200.0,20.0,N,Normal Match,HDPK Dharmasena,BNJ Oxenford,Chase,2014,True,399,11,199,200,4,7,0
829705,2015,Kolkata,2015-04-08,League,M Morkel,Eden Gardens,Kolkata Knight Riders,Mumbai Indians,Kolkata Knight Riders,field,Kolkata Knight Riders,wickets,7.0,169.0,20.0,N,Normal Match,S Ravi,C Shamshuddin,Chase,2015,True,338,6,168,170,3,3,0
829707,2015,Chennai,2015-04-09,League,A Nehra,"MA Chidambaram Stadium, Chepauk",Chennai Super Kings,Delhi Daredevils,Delhi Daredevils,field,Chennai Super Kings,runs,1.0,151.0,20.0,N,Normal Match,RK Illingworth,VA Kulkarni,Defend,2015,False,299,16,150,149,7,9,0
829709,2015,Pune,2015-04-10,League,JP Faulkner,Maharashtra Cricket Association Stadium,Kings XI Punjab,Rajasthan Royals,Kings XI Punjab,field,Rajasthan Royals,runs,26.0,163.0,20.0,N,Normal Match,SD Fry,CB Gaffaney,Defend,2015,False,298,15,162,136,7,8,0
829711,2015,Chennai,2015-04-11,League,BB McCullum,"MA Chidambaram Stadium, Chepauk",Chennai Super Kings,Sunrisers Hyderabad,Chennai Super Kings,bat,Chennai Super Kings,runs,45.0,210.0,20.0,N,Normal Match,RK Illingworth,VA Kulkarni,Defend,2015,True,373,10,209,164,4,6,1
829713,2015,Kolkata,2015-04-11,League,CH Gayle,Eden Gardens,Kolkata Knight Riders,Royal Challengers Bangalore,Royal Challengers Bangalore,field,Royal Challengers Bangalore,wickets,3.0,178.0,20.0,N,Normal Match,S Ravi,C Shamshuddin,Chase,2015,True,356,13,177,179,6,7,0
829715,2015,Delhi,2015-04-12,League,DJ Hooda,Feroz Shah Kotla,Delhi Daredevils,Rajasthan Royals,Rajasthan Royals,field,Rajasthan Royals,wickets,3.0,185.0,20.0,N,Normal Match,SD Fry,CB Gaffaney,Chase,2015,True,370,10,184,186,3,7,0
829717,2015,Mumbai,2015-04-12,League,GJ Bailey,Wankhede Stadium,Mumbai Indians,Kings XI Punjab,Mumbai Indians,field,Kings XI Punjab,runs,18.0,178.0,20.0,N,Normal Match,AK Chaudhary,K Srinivasan,Defend,2015,False,336,12,177,159,5,7,0
829719,2015,Bangalore,2015-04-13,League,DA Warner,M Chinnaswamy Stadium,Royal Challengers Bangalore,Sunrisers Hyderabad,Sunrisers Hyderabad,field,Sunrisers Hyderabad,wickets,8.0,167.0,20.0,N,Normal Match,RM Deshpande,RK Illingworth,Chase,2015,True,338,12,166,172,10,2,0
829721,2015,Ahmedabad,2015-04-14,League,SPD Smith,"Sardar Patel Stadium, Motera",Rajasthan Royals,Mumbai Indians,Mumbai Indians,bat,Rajasthan Royals,wickets,7.0,165.0,20.0,N,Normal Match,AK Chaudhary,SD Fry,Chase,2015,False,329,9,164,165,6,3,1
829725,2015,Pune,2015-04-15,League,MA Agarwal,Maharashtra Cricket Association Stadium,Kings XI Punjab,Delhi Daredevils,Kings XI Punjab,bat,Delhi Daredevils,wickets,5.0,166.0,20.0,N,Normal Match,CB Gaffaney,K Srinath,Chase,2015,False,334,12,165,169,7,5,1
829727,2015,Visakhapatnam,2015-04-16,League,AM Rahane,Dr. Y.S. Rajasekhara Reddy ACA-VDCA Cricket Stadium,Sunrisers Hyderabad,Rajasthan Royals,Rajasthan Royals,field,Rajasthan Royals,wickets,6.0,128.0,20.0,N,Normal Match,PG Pathak,S Ravi,Chase,2015,True,258,9,127,131,5,4,0
829729,2015,Mumbai,2015-04-17,League,A Nehra,Wankhede Stadium,Mumbai Indians,Chennai Super Kings,Mumbai Indians,bat,Chennai Super Kings,wickets,6.0,184.0,20.0,N,Normal Match,AK Chaudhary,M Erasmus,Chase,2015,False,372,11,183,189,7,4,1
829731,2015,Visakhapatnam,2015-04-18,League,JP Duminy,Dr. Y.S. Rajasekhara Reddy ACA-VDCA Cricket Stadium,Sunrisers Hyderabad,Delhi Daredevils,Delhi Daredevils,bat,Delhi Daredevils,runs,4.0,168.0,20.0,N,Normal Match,PG Pathak,S Ravi,Defend,2015,True,330,12,167,163,4,8,1
829733,2015,Pune,2015-04-18,League,AD Russell,Maharashtra Cricket Association Stadium,Kings XI Punjab,Kolkata Knight Riders,Kolkata Knight Riders,field,Kolkata Knight Riders,wickets,4.0,156.0,20.0,N,Normal Match,SD Fry,CK Nandan,Chase,2015,True,314,15,155,159,9,6,0
829735,2015,Ahmedabad,2015-04-19,League,AM Rahane,"Sardar Patel Stadium, Motera",Rajasthan Royals,Chennai Super Kings,Chennai Super Kings,bat,Rajasthan Royals,wickets,8.0,157.0,20.0,N,Normal Match,AK Chaudhary,M Erasmus,Chase,2015,False,313,6,156,157,4,2,1
829737,2015,Bangalore,2015-04-19,League,Harbhajan Singh,M Chinnaswamy Stadium,Royal Challengers Bangalore,Mumbai Indians,Royal Challengers Bangalore,field,Mumbai Indians,runs,18.0,210.0,20.0,N,Normal Match,RK Illingworth,VA Kulkarni,Defend,2015,False,400,14,209,191,7,7,0
829739,2015,Delhi,2015-04-20,League,UT Yadav,Feroz Shah Kotla,Delhi Daredevils,Kolkata Knight Riders,Kolkata Knight Riders,field,Kolkata Knight Riders,wickets,6.0,147.0,20.0,N,Normal Match,SD Fry,CB Gaffaney,Chase,2015,True,293,12,146,147,8,4,0
829741,2015,Ahmedabad,2015-04-21,League,SE Marsh,"Sardar Patel Stadium, Motera",Rajasthan Royals,Kings XI Punjab,Kings XI Punjab,field,Kings XI Punjab,tie,No Result,192.0,20.0,Y,Normal Match,M Erasmus,S Ravi,No Result,2015,True,403,16,191,191,6,6,0
829743,2015,Visakhapatnam,2015-04-22,League,DA Warner,Dr. Y.S. Rajasekhara Reddy ACA-VDCA Cricket Stadium,Sunrisers Hyderabad,Kolkata Knight Riders,Kolkata Knight Riders,field,Sunrisers Hyderabad,runs,16.0,118.0,12.0,N,D/L,RK Illingworth,VA Kulkarni,Defend,2015,False,277,8,176,101,4,4,0
829745,2015,Bangalore,2015-04-22,League,SK Raina,M Chinnaswamy Stadium,Royal Challengers Bangalore,Chennai Super Kings,Royal Challengers Bangalore,field,Chennai Super Kings,runs,27.0,182.0,20.0,N,Normal Match,JD Cloete,C Shamshuddin,Defend,2015,False,335,16,181,154,8,8,0
829747,2015,Delhi,2015-04-23,League,SS Iyer,Feroz Shah Kotla,Delhi Daredevils,Mumbai Indians,Mumbai Indians,field,Delhi Daredevils,runs,37.0,191.0,20.0,N,Normal Match,SD Fry,CK Nandan,Defend,2015,False,343,13,190,153,4,9,0
829749,2015,Ahmedabad,2015-04-24,League,MA Starc,"Sardar Patel Stadium, Motera",Rajasthan Royals,Royal Challengers Bangalore,Royal Challengers Bangalore,field,Royal Challengers Bangalore,wickets,9.0,131.0,20.0,N,Normal Match,M Erasmus,S Ravi,Chase,2015,True,264,10,130,134,9,1,0
829751,2015,Mumbai,2015-04-25,League,SL Malinga,Wankhede Stadium,Mumbai Indians,Sunrisers Hyderabad,Mumbai Indians,bat,Mumbai Indians,runs,20.0,158.0,20.0,N,Normal Match,HDPK Dharmasena,CB Gaffaney,Defend,2015,True,294,16,157,137,8,8,1
829753,2015,Chennai,2015-04-25,League,BB McCullum,"MA Chidambaram Stadium, Chepauk",Chennai Super Kings,Kings XI Punjab,Chennai Super Kings,bat,Chennai Super Kings,runs,97.0,193.0,20.0,N,Normal Match,JD Cloete,C Shamshuddin,Defend,2015,True,287,12,192,95,3,9,1
829757,2015,Delhi,2015-04-26,League,VR Aaron,Feroz Shah Kotla,Delhi Daredevils,Royal Challengers Bangalore,Royal Challengers Bangalore,field,Royal Challengers Bangalore,wickets,10.0,96.0,20.0,N,Normal Match,M Erasmus,S Ravi,Chase,2015,True,194,10,95,99,10,0,0
829759,2015,Chandigarh,2015-04-27,League,TA Boult,"Punjab Cricket Association Stadium, Mohali",Kings XI Punjab,Sunrisers Hyderabad,Kings XI Punjab,field,Sunrisers Hyderabad,runs,20.0,151.0,20.0,N,Normal Match,HDPK Dharmasena,CB Gaffaney,Defend,2015,False,280,15,150,130,6,9,0
829765,2015,Chennai,2015-04-28,League,DJ Bravo,"MA Chidambaram Stadium, Chepauk",Chennai Super Kings,Kolkata Knight Riders,Kolkata Knight Riders,field,Chennai Super Kings,runs,2.0,135.0,20.0,N,Normal Match,RM Deshpande,VA Kulkarni,Defend,2015,False,266,15,134,132,6,9,0
829763,2015,Bangalore,2015-04-29,League,Unknown,M Chinnaswamy Stadium,Royal Challengers Bangalore,Rajasthan Royals,Rajasthan Royals,field,No Result,no result,No Result,0.0,0.0,N,Normal Match,JD Cloete,PG Pathak,No Result,2015,False,200,7,200,0,7,0,0
829723,2015,Kolkata,2015-04-30,League,AD Russell,Eden Gardens,Kolkata Knight Riders,Chennai Super Kings,Kolkata Knight Riders,field,Kolkata Knight Riders,wickets,7.0,166.0,20.0,N,Normal Match,AK Chaudhary,M Erasmus,Chase,2015,True,334,12,165,169,9,3,0
829767,2015,Delhi,2015-05-01,League,NM Coulter-Nile,Feroz Shah Kotla,Delhi Daredevils,Kings XI Punjab,Delhi Daredevils,field,Delhi Daredevils,wickets,9.0,119.0,20.0,N,Normal Match,RK Illingworth,S Ravi,Chase,2015,True,237,9,118,119,8,1,0
829769,2015,Mumbai,2015-05-01,League,AT Rayudu,Wankhede Stadium,Mumbai Indians,Rajasthan Royals,Rajasthan Royals,field,Mumbai Indians,runs,8.0,188.0,20.0,N,Normal Match,HDPK Dharmasena,CK Nandan,Defend,2015,False,366,12,187,179,5,7,0
829771,2015,Bangalore,2015-05-02,League,Mandeep Singh,M Chinnaswamy Stadium,Royal Challengers Bangalore,Kolkata Knight Riders,Royal Challengers Bangalore,field,Royal Challengers Bangalore,wickets,7.0,112.0,10.0,N,Normal Match,JD Cloete,PG Pathak,Chase,2015,True,226,7,111,115,4,3,0
829773,2015,Hyderabad,2015-05-02,League,DA Warner,"Rajiv Gandhi International Stadium, Uppal",Sunrisers Hyderabad,Chennai Super Kings,Chennai Super Kings,field,Sunrisers Hyderabad,runs,22.0,193.0,20.0,N,Normal Match,AK Chaudhary,K Srinivasan,Defend,2015,False,362,13,192,170,7,6,0
829775,2015,Chandigarh,2015-05-03,League,LMP Simmons,"Punjab Cricket Association Stadium, Mohali",Kings XI Punjab,Mumbai Indians,Mumbai Indians,bat,Mumbai Indians,runs,23.0,173.0,20.0,N,Normal Match,RK Illingworth,VA Kulkarni,Defend,2015,True,321,10,172,149,3,7,1
829777,2015,Mumbai,2015-05-03,League,AM Rahane,Brabourne Stadium,Rajasthan Royals,Delhi Daredevils,Delhi Daredevils,field,Rajasthan Royals,runs,14.0,190.0,20.0,N,Normal Match,HDPK Dharmasena,CB Gaffaney,Defend,2015,False,364,9,189,175,2,7,0
829779,2015,Chennai,2015-05-04,League,SK Raina,"MA Chidambaram Stadium, Chepauk",Chennai Super Kings,Royal Challengers Bangalore,Chennai Super Kings,bat,Chennai Super Kings,runs,24.0,149.0,20.0,N,Normal Match,C Shamshuddin,K Srinath,Defend,2015,True,272,19,148,124,9,10,1
829781,2015,Kolkata,2015-05-04,League,UT Yadav,Eden Gardens,Kolkata Knight Riders,Sunrisers Hyderabad,Sunrisers Hyderabad,field,Kolkata Knight Riders,runs,35.0,168.0,20.0,N,Normal Match,AK Chaudhary,M Erasmus,Defend,2015,False,299,16,167,132,7,9,0
829783,2015,Mumbai,2015-05-05,League,Harbhajan Singh,Wankhede Stadium,Mumbai Indians,Delhi Daredevils,Delhi Daredevils,bat,Mumbai Indians,wickets,5.0,153.0,20.0,N,Normal Match,HDPK Dharmasena,CB Gaffaney,Chase,2015,False,305,11,152,153,6,5,1
829785,2015,Bangalore,2015-05-06,League,CH Gayle,M Chinnaswamy Stadium,Royal Challengers Bangalore,Kings XI Punjab,Kings XI Punjab,field,Royal Challengers Bangalore,runs,138.0,227.0,20.0,N,Normal Match,RK Illingworth,VA Kulkarni,Defend,2015,False,314,13,226,88,3,10,0
829761,2015,Kolkata,2015-05-07,League,PP Chawla,Eden Gardens,Kolkata Knight Riders,Delhi Daredevils,Kolkata Knight Riders,bat,Kolkata Knight Riders,runs,13.0,172.0,20.0,N,Normal Match,AK Chaudhary,M Erasmus,Defend,2015,True,329,13,171,158,7,6,1
829787,2015,Mumbai,2015-05-07,League,EJG Morgan,Brabourne Stadium,Rajasthan Royals,Sunrisers Hyderabad,Rajasthan Royals,field,Sunrisers Hyderabad,runs,7.0,202.0,20.0,N,Normal Match,JD Cloete,C Shamshuddin,Defend,2015,False,395,11,201,194,4,7,0
829789,2015,Chennai,2015-05-08,League,HH Pandya,"MA Chidambaram Stadium, Chepauk",Chennai Super Kings,Mumbai Indians,Chennai Super Kings,bat,Mumbai Indians,wickets,6.0,159.0,20.0,N,Normal Match,CB Gaffaney,CK Nandan,Chase,2015,False,317,9,158,159,5,4,1
829791,2015,Kolkata,2015-05-09,League,AD Russell,Eden Gardens,Kolkata Knight Riders,Kings XI Punjab,Kings XI Punjab,bat,Kolkata Knight Riders,wickets,1.0,184.0,20.0,N,Normal Match,AK Chaudhary,HDPK Dharmasena,Chase,2015,False,367,14,183,184,5,9,1
829793,2015,Raipur,2015-05-09,League,MC Henriques,Shaheed Veer Narayan Singh International Stadium,Delhi Daredevils,Sunrisers Hyderabad,Sunrisers Hyderabad,bat,Sunrisers Hyderabad,runs,6.0,164.0,20.0,N,Normal Match,VA Kulkarni,S Ravi,Defend,2015,True,320,8,163,157,4,4,1
829795,2015,Mumbai,2015-05-10,League,AB de Villiers,Wankhede Stadium,Mumbai Indians,Royal Challengers Bangalore,Royal Challengers Bangalore,bat,Royal Challengers Bangalore,runs,39.0,236.0,20.0,N,Normal Match,JD Cloete,C Shamshuddin,Defend,2015,True,431,8,235,196,1,7,1
829797,2015,Chennai,2015-05-10,League,RA Jadeja,"MA Chidambaram Stadium, Chepauk",Chennai Super Kings,Rajasthan Royals,Chennai Super Kings,bat,Chennai Super Kings,runs,12.0,158.0,20.0,N,Normal Match,M Erasmus,CK Nandan,Defend,2015,True,302,14,157,145,5,9,1
829799,2015,Hyderabad,2015-05-11,League,DA Warner,"Rajiv Gandhi International Stadium, Uppal",Sunrisers Hyderabad,Kings XI Punjab,Sunrisers Hyderabad,bat,Sunrisers Hyderabad,runs,5.0,186.0,20.0,N,Normal Match,AK Chaudhary,HDPK Dharmasena,Defend,2015,True,365,12,185,180,5,7,1
829801,2015,Raipur,2015-05-12,League,Z Khan,Shaheed Veer Narayan Singh International Stadium,Delhi Daredevils,Chennai Super Kings,Chennai Super Kings,bat,Delhi Daredevils,wickets,6.0,120.0,20.0,N,Normal Match,RK Illingworth,VA Kulkarni,Chase,2015,False,239,10,119,120,6,4,1
829803,2015,Chandigarh,2015-05-13,League,AR Patel,"Punjab Cricket Association Stadium, Mohali",Kings XI Punjab,Royal Challengers Bangalore,Royal Challengers Bangalore,field,Kings XI Punjab,runs,22.0,107.0,10.0,N,Normal Match,JD Cloete,C Shamshuddin,Defend,2015,False,190,12,106,84,6,6,0
829805,2015,Mumbai,2015-05-14,League,HH Pandya,Wankhede Stadium,Mumbai Indians,Kolkata Knight Riders,Kolkata Knight Riders,field,Mumbai Indians,runs,5.0,172.0,20.0,N,Normal Match,RK Illingworth,VA Kulkarni,Defend,2015,False,337,11,171,166,4,7,0
829807,2015,Hyderabad,2015-05-15,League,V Kohli,"Rajiv Gandhi International Stadium, Uppal",Sunrisers Hyderabad,Royal Challengers Bangalore,Sunrisers Hyderabad,bat,Royal Challengers Bangalore,wickets,6.0,81.0,6.0,N,D/L,AK Chaudhary,HDPK Dharmasena,Chase,2015,False,218,7,135,83,3,4,1
829809,2015,Chandigarh,2015-05-16,League,P Negi,"Punjab Cricket Association Stadium, Mohali",Kings XI Punjab,Chennai Super Kings,Kings XI Punjab,bat,Chennai Super Kings,wickets,7.0,131.0,20.0,N,Normal Match,CK Nandan,C Shamshuddin,Chase,2015,False,264,10,130,134,7,3,1
829811,2015,Mumbai,2015-05-16,League,SR Watson,Brabourne Stadium,Rajasthan Royals,Kolkata Knight Riders,Rajasthan Royals,bat,Rajasthan Royals,runs,9.0,200.0,20.0,N,Normal Match,RM Deshpande,RK Illingworth,Defend,2015,True,389,15,199,190,6,9,1
829813,2015,Bangalore,2015-05-17,League,Unknown,M Chinnaswamy Stadium,Royal Challengers Bangalore,Delhi Daredevils,Royal Challengers Bangalore,field,No Result,no result,No Result,188.0,20.0,N,Normal Match,HDPK Dharmasena,K Srinivasan,No Result,2015,False,189,5,187,2,5,0,0
829815,2015,Hyderabad,2015-05-17,League,MJ McClenaghan,"Rajiv Gandhi International Stadium, Uppal",Sunrisers Hyderabad,Mumbai Indians,Sunrisers Hyderabad,bat,Mumbai Indians,wickets,9.0,114.0,20.0,N,Normal Match,CB Gaffaney,K Srinath,Chase,2015,False,227,11,113,114,10,1,1
829817,2015,Mumbai,2015-05-19,Qualifier 1,KA Pollard,Wankhede Stadium,Chennai Super Kings,Mumbai Indians,Mumbai Indians,bat,Mumbai Indians,runs,25.0,188.0,20.0,N,Normal Match,HDPK Dharmasena,RK Illingworth,Defend,2015,True,349,16,187,162,6,10,1
829819,2015,Pune,2015-05-20,Eliminator,AB de Villiers,Maharashtra Cricket Association Stadium,Royal Challengers Bangalore,Rajasthan Royals,Royal Challengers Bangalore,bat,Royal Challengers Bangalore,runs,71.0,181.0,20.0,N,Normal Match,AK Chaudhary,C Shamshuddin,Defend,2015,True,289,14,180,109,4,10,1
829821,2015,Ranchi,2015-05-22,Qualifier 2,A Nehra,JSCA International Stadium Complex,Chennai Super Kings,Royal Challengers Bangalore,Chennai Super Kings,field,Chennai Super Kings,wickets,3.0,140.0,20.0,N,Normal Match,AK Chaudhary,CB Gaffaney,Chase,2015,True,279,15,139,140,8,7,0
829823,2015,Kolkata,2015-05-24,Final,RG Sharma,Eden Gardens,Mumbai Indians,Chennai Super Kings,Chennai Super Kings,field,Mumbai Indians,runs,41.0,203.0,20.0,N,Normal Match,HDPK Dharmasena,RK Illingworth,Defend,2015,False,363,13,202,161,5,8,0
980901,2016,Mumbai,2016-04-09,League,AM Rahane,Wankhede Stadium,Mumbai Indians,Rising Pune Supergiants,Mumbai Indians,bat,Rising Pune Supergiants,wickets,9.0,122.0,20.0,N,Normal Match,HDPK Dharmasena,CK Nandan,Chase,2016,False,247,9,121,126,8,1,1
980903,2016,Kolkata,2016-04-10,League,AD Russell,Eden Gardens,Kolkata Knight Riders,Delhi Daredevils,Kolkata Knight Riders,field,Kolkata Knight Riders,wickets,9.0,99.0,20.0,N,Normal Match,S Ravi,C Shamshuddin,Chase,2016,True,197,11,98,99,10,1,0
980905,2016,Chandigarh,2016-04-11,League,AJ Finch,"Punjab Cricket Association IS Bindra Stadium, Mohali",Kings XI Punjab,Gujarat Lions,Gujarat Lions,field,Gujarat Lions,wickets,5.0,162.0,20.0,N,Normal Match,AK Chaudhary,VA Kulkarni,Chase,2016,True,323,11,161,162,6,5,0
980907,2016,Bangalore,2016-04-12,League,AB de Villiers,M Chinnaswamy Stadium,Royal Challengers Bangalore,Sunrisers Hyderabad,Sunrisers Hyderabad,field,Royal Challengers Bangalore,runs,45.0,228.0,20.0,N,Normal Match,HDPK Dharmasena,VK Sharma,Defend,2016,False,409,10,227,182,4,6,0
980909,2016,Kolkata,2016-04-13,League,RG Sharma,Eden Gardens,Kolkata Knight Riders,Mumbai Indians,Mumbai Indians,field,Mumbai Indians,wickets,6.0,188.0,20.0,N,Normal Match,Nitin Menon,S Ravi,Chase,2016,True,375,9,187,188,5,4,0
980911,2016,Rajkot,2016-04-14,League,AJ Finch,Saurashtra Cricket Association Stadium,Gujarat Lions,Rising Pune Supergiants,Rising Pune Supergiants,bat,Gujarat Lions,wickets,7.0,164.0,20.0,N,Normal Match,VA Kulkarni,CK Nandan,Chase,2016,False,327,8,163,164,5,3,1
980913,2016,Delhi,2016-04-15,League,A Mishra,Feroz Shah Kotla,Delhi Daredevils,Kings XI Punjab,Delhi Daredevils,field,Delhi Daredevils,wickets,8.0,112.0,20.0,N,Normal Match,S Ravi,C Shamshuddin,Chase,2016,True,224,11,111,113,9,2,0
980915,2016,Hyderabad,2016-04-16,League,G Gambhir,"Rajiv Gandhi International Stadium, Uppal",Sunrisers Hyderabad,Kolkata Knight Riders,Sunrisers Hyderabad,bat,Kolkata Knight Riders,wickets,8.0,143.0,20.0,N,Normal Match,AK Chaudhary,CK Nandan,Chase,2016,False,288,9,142,146,7,2,1
980917,2016,Mumbai,2016-04-16,League,AJ Finch,Wankhede Stadium,Mumbai Indians,Gujarat Lions,Gujarat Lions,field,Gujarat Lions,wickets,3.0,144.0,20.0,N,Normal Match,HDPK Dharmasena,VK Sharma,Chase,2016,True,290,15,143,147,8,7,0
980919,2016,Chandigarh,2016-04-17,League,M Vohra,"Punjab Cricket Association IS Bindra Stadium, Mohali",Kings XI Punjab,Rising Pune Supergiants,Rising Pune Supergiants,bat,Kings XI Punjab,wickets,6.0,153.0,20.0,N,Normal Match,S Ravi,C Shamshuddin,Chase,2016,False,305,11,152,153,7,4,1
980921,2016,Bangalore,2016-04-17,League,Q de Kock,M Chinnaswamy Stadium,Royal Challengers Bangalore,Delhi Daredevils,Delhi Daredevils,field,Delhi Daredevils,wickets,7.0,192.0,20.0,N,Normal Match,VA Kulkarni,A Nand Kishore,Chase,2016,True,383,8,191,192,5,3,0
980923,2016,Hyderabad,2016-04-18,League,DA Warner,"Rajiv Gandhi International Stadium, Uppal",Sunrisers Hyderabad,Mumbai Indians,Sunrisers Hyderabad,field,Sunrisers Hyderabad,wickets,7.0,143.0,20.0,N,Normal Match,HDPK Dharmasena,VK Sharma,Chase,2016,True,287,9,142,145,6,3,0
980925,2016,Chandigarh,2016-04-19,League,RV Uthappa,"Punjab Cricket Association IS Bindra Stadium, Mohali",Kings XI Punjab,Kolkata Knight Riders,Kolkata Knight Riders,field,Kolkata Knight Riders,wickets,6.0,139.0,20.0,N,Normal Match,S Ravi,C Shamshuddin,Chase,2016,True,279,12,138,141,8,4,0
980927,2016,Mumbai,2016-04-20,League,RG Sharma,Wankhede Stadium,Mumbai Indians,Royal Challengers Bangalore,Mumbai Indians,field,Mumbai Indians,wickets,6.0,171.0,20.0,N,Normal Match,AK Chaudhary,CK Nandan,Chase,2016,True,341,11,170,171,7,4,0
980929,2016,Rajkot,2016-04-21,League,B Kumar,Saurashtra Cricket Association Stadium,Gujarat Lions,Sunrisers Hyderabad,Sunrisers Hyderabad,field,Sunrisers Hyderabad,wickets,10.0,136.0,20.0,N,Normal Match,K Bharatan,HDPK Dharmasena,Chase,2016,True,272,8,135,137,8,0,0
980931,2016,Pune,2016-04-22,League,AB de Villiers,Maharashtra Cricket Association Stadium,Rising Pune Supergiants,Royal Challengers Bangalore,Rising Pune Supergiants,field,Royal Challengers Bangalore,runs,13.0,186.0,20.0,N,Normal Match,CB Gaffaney,VK Sharma,Defend,2016,False,357,12,185,172,3,9,0
980933,2016,Delhi,2016-04-23,League,SV Samson,Feroz Shah Kotla,Delhi Daredevils,Mumbai Indians,Mumbai Indians,field,Delhi Daredevils,runs,10.0,165.0,20.0,N,Normal Match,S Ravi,C Shamshuddin,Defend,2016,False,318,11,164,154,4,7,0
980935,2016,Hyderabad,2016-04-23,League,Mustafizur Rahman,"Rajiv Gandhi International Stadium, Uppal",Sunrisers Hyderabad,Kings XI Punjab,Sunrisers Hyderabad,field,Sunrisers Hyderabad,wickets,5.0,144.0,20.0,N,Normal Match,AK Chaudhary,CK Nandan,Chase,2016,True,289,11,143,146,6,5,0
980937,2016,Rajkot,2016-04-24,League,V Kohli,Saurashtra Cricket Association Stadium,Gujarat Lions,Royal Challengers Bangalore,Royal Challengers Bangalore,bat,Gujarat Lions,wickets,6.0,181.0,20.0,N,Normal Match,K Bharatan,BNJ Oxenford,Chase,2016,False,362,6,180,182,2,4,1
980939,2016,Pune,2016-04-24,League,SA Yadav,Maharashtra Cricket Association Stadium,Rising Pune Supergiants,Kolkata Knight Riders,Kolkata Knight Riders,field,Kolkata Knight Riders,wickets,2.0,161.0,20.0,N,Normal Match,CB Gaffaney,A Nand Kishore,Chase,2016,True,322,13,160,162,5,8,0
980941,2016,Chandigarh,2016-04-25,League,PA Patel,"Punjab Cricket Association IS Bindra Stadium, Mohali",Kings XI Punjab,Mumbai Indians,Kings XI Punjab,field,Mumbai Indians,runs,25.0,190.0,20.0,N,Normal Match,Nitin Menon,RJ Tucker,Defend,2016,False,353,13,189,164,6,7,0
980943,2016,Hyderabad,2016-04-26,League,AB Dinda,"Rajiv Gandhi International Stadium, Uppal",Sunrisers Hyderabad,Rising Pune Supergiants,Rising Pune Supergiants,field,Rising Pune Supergiants,runs,34.0,61.0,11.0,N,D/L,AY Dandekar,CK Nandan,Defend,2016,True,212,11,118,94,8,3,0
980945,2016,Delhi,2016-04-27,League,CH Morris,Feroz Shah Kotla,Delhi Daredevils,Gujarat Lions,Delhi Daredevils,field,Gujarat Lions,runs,1.0,173.0,20.0,N,Normal Match,M Erasmus,S Ravi,Defend,2016,False,343,11,172,171,6,5,0
980947,2016,Mumbai,2016-04-28,League,RG Sharma,Wankhede Stadium,Mumbai Indians,Kolkata Knight Riders,Mumbai Indians,field,Mumbai Indians,wickets,6.0,175.0,20.0,N,Normal Match,Nitin Menon,RJ Tucker,Chase,2016,True,352,9,174,178,5,4,0
980949,2016,Pune,2016-04-29,League,DR Smith,Maharashtra Cricket Association Stadium,Rising Pune Supergiants,Gujarat Lions,Gujarat Lions,field,Gujarat Lions,wickets,3.0,196.0,20.0,N,Normal Match,CB Gaffaney,BNJ Oxenford,Chase,2016,True,391,10,195,196,3,7,0
980951,2016,Delhi,2016-04-30,League,CR Brathwaite,Feroz Shah Kotla,Delhi Daredevils,Kolkata Knight Riders,Kolkata Knight Riders,field,Delhi Daredevils,runs,27.0,187.0,20.0,N,Normal Match,KN Ananthapadmanabhan,M Erasmus,Defend,2016,False,345,18,186,159,8,10,0
980953,2016,Hyderabad,2016-04-30,League,DA Warner,"Rajiv Gandhi International Stadium, Uppal",Sunrisers Hyderabad,Royal Challengers Bangalore,Royal Challengers Bangalore,field,Sunrisers Hyderabad,runs,15.0,195.0,20.0,N,Normal Match,AK Chaudhary,HDPK Dharmasena,Defend,2016,False,373,11,194,179,5,6,0
980955,2016,Rajkot,2016-05-01,League,AR Patel,Saurashtra Cricket Association Stadium,Gujarat Lions,Kings XI Punjab,Gujarat Lions,field,Kings XI Punjab,runs,23.0,155.0,20.0,N,Normal Match,BNJ Oxenford,VK Sharma,Defend,2016,False,285,19,154,131,10,9,0
980957,2016,Pune,2016-05-01,League,RG Sharma,Maharashtra Cricket Association Stadium,Rising Pune Supergiants,Mumbai Indians,Mumbai Indians,field,Mumbai Indians,wickets,8.0,160.0,20.0,N,Normal Match,AY Dandekar,RJ Tucker,Chase,2016,True,320,7,159,161,5,2,0
980959,2016,Bangalore,2016-05-02,League,AD Russell,M Chinnaswamy Stadium,Royal Challengers Bangalore,Kolkata Knight Riders,Kolkata Knight Riders,field,Kolkata Knight Riders,wickets,5.0,186.0,20.0,N,Normal Match,M Erasmus,S Ravi,Chase,2016,True,374,12,185,189,7,5,0
980961,2016,Rajkot,2016-05-03,League,RR Pant,Saurashtra Cricket Association Stadium,Gujarat Lions,Delhi Daredevils,Delhi Daredevils,field,Delhi Daredevils,wickets,8.0,150.0,20.0,N,Normal Match,CB Gaffaney,BNJ Oxenford,Chase,2016,True,299,9,149,150,7,2,0
980963,2016,Kolkata,2016-05-04,League,AD Russell,Eden Gardens,Kolkata Knight Riders,Kings XI Punjab,Kings XI Punjab,field,Kolkata Knight Riders,runs,7.0,165.0,20.0,N,Normal Match,AK Chaudhary,HDPK Dharmasena,Defend,2016,False,321,12,164,157,3,9,0
980965,2016,Delhi,2016-05-05,League,AM Rahane,Feroz Shah Kotla,Delhi Daredevils,Rising Pune Supergiants,Rising Pune Supergiants,field,Rising Pune Supergiants,wickets,7.0,163.0,20.0,N,Normal Match,C Shamshuddin,RJ Tucker,Chase,2016,True,328,10,162,166,7,3,0
980967,2016,Hyderabad,2016-05-06,League,B Kumar,"Rajiv Gandhi International Stadium, Uppal",Sunrisers Hyderabad,Gujarat Lions,Sunrisers Hyderabad,field,Sunrisers Hyderabad,wickets,5.0,127.0,20.0,N,Normal Match,M Erasmus,S Ravi,Chase,2016,True,255,11,126,129,6,5,0
980969,2016,Bangalore,2016-05-07,League,V Kohli,M Chinnaswamy Stadium,Royal Challengers Bangalore,Rising Pune Supergiants,Royal Challengers Bangalore,field,Royal Challengers Bangalore,wickets,7.0,192.0,20.0,N,Normal Match,CB Gaffaney,BNJ Oxenford,Chase,2016,True,386,9,191,195,6,3,0
980971,2016,Chandigarh,2016-05-07,League,MP Stoinis,"Punjab Cricket Association IS Bindra Stadium, Mohali",Kings XI Punjab,Delhi Daredevils,Delhi Daredevils,field,Kings XI Punjab,runs,9.0,182.0,20.0,N,Normal Match,HDPK Dharmasena,CK Nandan,Defend,2016,False,353,10,181,172,5,5,0
980973,2016,Visakhapatnam,2016-05-08,League,A Nehra,Dr. Y.S. Rajasekhara Reddy ACA-VDCA Cricket Stadium,Mumbai Indians,Sunrisers Hyderabad,Mumbai Indians,field,Sunrisers Hyderabad,runs,85.0,178.0,20.0,N,Normal Match,S Ravi,C Shamshuddin,Defend,2016,False,269,13,177,92,3,10,0
980975,2016,Kolkata,2016-05-08,League,P Kumar,Eden Gardens,Kolkata Knight Riders,Gujarat Lions,Gujarat Lions,field,Gujarat Lions,wickets,5.0,159.0,20.0,N,Normal Match,M Erasmus,RJ Tucker,Chase,2016,True,322,9,158,164,4,5,0
980977,2016,Chandigarh,2016-05-09,League,SR Watson,"Punjab Cricket Association IS Bindra Stadium, Mohali",Kings XI Punjab,Royal Challengers Bangalore,Kings XI Punjab,field,Royal Challengers Bangalore,runs,1.0,176.0,20.0,N,Normal Match,AK Chaudhary,HDPK Dharmasena,Defend,2016,False,349,10,175,174,6,4,0
980979,2016,Visakhapatnam,2016-05-10,League,A Zampa,Dr. Y.S. Rajasekhara Reddy ACA-VDCA Cricket Stadium,Rising Pune Supergiants,Sunrisers Hyderabad,Sunrisers Hyderabad,bat,Sunrisers Hyderabad,runs,4.0,138.0,20.0,N,Normal Match,CB Gaffaney,VK Sharma,Defend,2016,True,270,16,137,133,8,8,1
980981,2016,Bangalore,2016-05-11,League,KH Pandya,M Chinnaswamy Stadium,Royal Challengers Bangalore,Mumbai Indians,Mumbai Indians,field,Mumbai Indians,wickets,6.0,152.0,20.0,N,Normal Match,AY Dandekar,C Shamshuddin,Chase,2016,True,304,8,151,153,4,4,0
980983,2016,Hyderabad,2016-05-12,League,CH Morris,"Rajiv Gandhi International Stadium, Uppal",Sunrisers Hyderabad,Delhi Daredevils,Delhi Daredevils,field,Delhi Daredevils,wickets,7.0,147.0,20.0,N,Normal Match,K Bharatan,M Erasmus,Chase,2016,True,296,11,146,150,8,3,0
980985,2016,Visakhapatnam,2016-05-13,League,MP Stoinis,Dr. Y.S. Rajasekhara Reddy ACA-VDCA Cricket Stadium,Mumbai Indians,Kings XI Punjab,Mumbai Indians,bat,Kings XI Punjab,wickets,7.0,125.0,20.0,N,Normal Match,HDPK Dharmasena,CK Nandan,Chase,2016,False,251,12,124,127,9,3,1
980987,2016,Bangalore,2016-05-14,League,AB de Villiers,M Chinnaswamy Stadium,Royal Challengers Bangalore,Gujarat Lions,Gujarat Lions,field,Royal Challengers Bangalore,runs,144.0,249.0,20.0,N,Normal Match,AY Dandekar,VK Sharma,Defend,2016,False,352,13,248,104,3,10,0
980989,2016,Kolkata,2016-05-14,League,YK Pathan,Eden Gardens,Kolkata Knight Riders,Rising Pune Supergiants,Rising Pune Supergiants,bat,Kolkata Knight Riders,wickets,8.0,66.0,9.0,N,D/L,A Nand Kishore,BNJ Oxenford,Chase,2016,False,169,8,103,66,6,2,1
980991,2016,Chandigarh,2016-05-15,League,HM Amla,"Punjab Cricket Association IS Bindra Stadium, Mohali",Kings XI Punjab,Sunrisers Hyderabad,Kings XI Punjab,bat,Sunrisers Hyderabad,wickets,7.0,180.0,20.0,N,Normal Match,KN Ananthapadmanabhan,M Erasmus,Chase,2016,False,359,7,179,180,4,3,1
980993,2016,Visakhapatnam,2016-05-15,League,KH Pandya,Dr. Y.S. Rajasekhara Reddy ACA-VDCA Cricket Stadium,Mumbai Indians,Delhi Daredevils,Delhi Daredevils,field,Mumbai Indians,runs,80.0,207.0,20.0,N,Normal Match,Nitin Menon,CK Nandan,Defend,2016,False,332,14,206,126,4,10,0
980995,2016,Kolkata,2016-05-16,League,V Kohli,Eden Gardens,Kolkata Knight Riders,Royal Challengers Bangalore,Royal Challengers Bangalore,field,Royal Challengers Bangalore,wickets,9.0,184.0,20.0,N,Normal Match,CB Gaffaney,A Nand Kishore,Chase,2016,True,369,6,183,186,5,1,0
980997,2016,Visakhapatnam,2016-05-17,League,AB Dinda,Dr. Y.S. Rajasekhara Reddy ACA-VDCA Cricket Stadium,Rising Pune Supergiants,Delhi Daredevils,Rising Pune Supergiants,field,Rising Pune Supergiants,runs,19.0,58.0,11.0,N,D/L,Nitin Menon,C Shamshuddin,Defend,2016,True,197,7,121,76,6,1,0
980999,2016,Bangalore,2016-05-18,League,V Kohli,M Chinnaswamy Stadium,Royal Challengers Bangalore,Kings XI Punjab,Kings XI Punjab,field,Royal Challengers Bangalore,runs,82.0,203.0,14.0,N,D/L,KN Ananthapadmanabhan,M Erasmus,Defend,2016,False,331,12,211,120,3,9,0
981001,2016,Kanpur,2016-05-19,League,DR Smith,Green Park,Gujarat Lions,Kolkata Knight Riders,Gujarat Lions,field,Gujarat Lions,wickets,6.0,125.0,20.0,N,Normal Match,AK Chaudhary,CK Nandan,Chase,2016,True,249,12,124,125,8,4,0
981003,2016,Raipur,2016-05-20,League,KK Nair,Shaheed Veer Narayan Singh International Stadium,Delhi Daredevils,Sunrisers Hyderabad,Delhi Daredevils,field,Delhi Daredevils,wickets,6.0,159.0,20.0,N,Normal Match,A Nand Kishore,BNJ Oxenford,Chase,2016,True,319,11,158,161,7,4,0
981005,2016,Visakhapatnam,2016-05-21,League,MS Dhoni,Dr. Y.S. Rajasekhara Reddy ACA-VDCA Cricket Stadium,Rising Pune Supergiants,Kings XI Punjab,Kings XI Punjab,bat,Rising Pune Supergiants,wickets,4.0,173.0,20.0,N,Normal Match,HDPK Dharmasena,Nitin Menon,Chase,2016,False,345,13,172,173,7,6,1
981007,2016,Kanpur,2016-05-21,League,SK Raina,Green Park,Gujarat Lions,Mumbai Indians,Gujarat Lions,field,Gujarat Lions,wickets,6.0,173.0,20.0,N,Normal Match,AK Chaudhary,CK Nandan,Chase,2016,True,345,12,172,173,8,4,0
981009,2016,Kolkata,2016-05-22,League,YK Pathan,Eden Gardens,Kolkata Knight Riders,Sunrisers Hyderabad,Sunrisers Hyderabad,field,Kolkata Knight Riders,runs,22.0,172.0,20.0,N,Normal Match,KN Ananthapadmanabhan,M Erasmus,Defend,2016,False,320,14,171,149,6,8,0
981011,2016,Raipur,2016-05-22,League,V Kohli,Shaheed Veer Narayan Singh International Stadium,Delhi Daredevils,Royal Challengers Bangalore,Royal Challengers Bangalore,field,Royal Challengers Bangalore,wickets,6.0,139.0,20.0,N,Normal Match,A Nand Kishore,BNJ Oxenford,Chase,2016,True,277,12,138,139,8,4,0
981013,2016,Bangalore,2016-05-24,Qualifier 1,AB de Villiers,M Chinnaswamy Stadium,Gujarat Lions,Royal Challengers Bangalore,Royal Challengers Bangalore,field,Royal Challengers Bangalore,wickets,4.0,159.0,20.0,N,Normal Match,AK Chaudhary,HDPK Dharmasena,Chase,2016,True,317,16,158,159,10,6,0
981015,2016,Delhi,2016-05-25,Elimination Final,MC Henriques,Feroz Shah Kotla,Sunrisers Hyderabad,Kolkata Knight Riders,Kolkata Knight Riders,field,Sunrisers Hyderabad,runs,22.0,163.0,20.0,N,Normal Match,M Erasmus,C Shamshuddin,Defend,2016,False,302,16,162,140,8,8,0
981017,2016,Delhi,2016-05-27,Qualifier 2,DA Warner,Feroz Shah Kotla,Gujarat Lions,Sunrisers Hyderabad,Sunrisers Hyderabad,field,Sunrisers Hyderabad,wickets,4.0,163.0,20.0,N,Normal Match,M Erasmus,CK Nandan,Chase,2016,True,325,13,162,163,7,6,0
981019,2016,Bangalore,2016-05-29,Final,BCJ Cutting,M Chinnaswamy Stadium,Royal Challengers Bangalore,Sunrisers Hyderabad,Sunrisers Hyderabad,bat,Sunrisers Hyderabad,runs,8.0,209.0,20.0,N,Normal Match,HDPK Dharmasena,BNJ Oxenford,Defend,2016,True,408,14,208,200,7,7,1
1082591,2017,Hyderabad,2017-04-05,League,Yuvraj Singh,"Rajiv Gandhi International Stadium, Uppal",Sunrisers Hyderabad,Royal Challengers Bangalore,Royal Challengers Bangalore,field,Sunrisers Hyderabad,runs,35.0,208.0,20.0,N,Normal Match,AY Dandekar,NJ Llong,Defend,2017,False,379,14,207,172,4,10,0
1082592,2017,Pune,2017-04-06,League,SPD Smith,Maharashtra Cricket Association Stadium,Rising Pune Supergiant,Mumbai Indians,Rising Pune Supergiant,field,Rising Pune Supergiant,wickets,7.0,185.0,20.0,N,Normal Match,A Nand Kishore,S Ravi,Chase,2017,True,371,11,184,187,8,3,0
1082593,2017,Rajkot,2017-04-07,League,CA Lynn,Saurashtra Cricket Association Stadium,Gujarat Lions,Kolkata Knight Riders,Kolkata Knight Riders,field,Kolkata Knight Riders,wickets,10.0,184.0,20.0,N,Normal Match,Nitin Menon,CK Nandan,Chase,2017,True,367,4,183,184,4,0,0
1082594,2017,Indore,2017-04-08,League,GJ Maxwell,Holkar Cricket Stadium,Kings XI Punjab,Rising Pune Supergiant,Kings XI Punjab,field,Kings XI Punjab,wickets,6.0,164.0,20.0,N,Normal Match,AK Chaudhary,C Shamshuddin,Chase,2017,True,327,10,163,164,6,4,0
1082595,2017,Bengaluru,2017-04-08,League,KM Jadhav,M.Chinnaswamy Stadium,Royal Challengers Bangalore,Delhi Daredevils,Royal Challengers Bangalore,bat,Royal Challengers Bangalore,runs,15.0,158.0,20.0,N,Normal Match,S Ravi,VK Sharma,Defend,2017,True,299,17,157,142,8,9,1
1082596,2017,Hyderabad,2017-04-09,League,Rashid Khan,"Rajiv Gandhi International Stadium, Uppal",Sunrisers Hyderabad,Gujarat Lions,Sunrisers Hyderabad,field,Sunrisers Hyderabad,wickets,9.0,136.0,20.0,N,Normal Match,A Deshmukh,NJ Llong,Chase,2017,True,275,8,135,140,7,1,0
1082597,2017,Mumbai,2017-04-09,League,N Rana,Wankhede Stadium,Mumbai Indians,Kolkata Knight Riders,Mumbai Indians,field,Mumbai Indians,wickets,4.0,179.0,20.0,N,Normal Match,Nitin Menon,CK Nandan,Chase,2017,True,358,13,178,180,7,6,0
1082598,2017,Indore,2017-04-10,League,AR Patel,Holkar Cricket Stadium,Kings XI Punjab,Royal Challengers Bangalore,Royal Challengers Bangalore,bat,Kings XI Punjab,wickets,8.0,149.0,20.0,N,Normal Match,AK Chaudhary,C Shamshuddin,Chase,2017,False,298,6,148,150,4,2,1
1082599,2017,Pune,2017-04-11,League,SV Samson,Maharashtra Cricket Association Stadium,Rising Pune Supergiant,Delhi Daredevils,Rising Pune Supergiant,field,Delhi Daredevils,runs,97.0,206.0,20.0,N,Normal Match,AY Dandekar,S Ravi,Defend,2017,False,313,14,205,108,4,10,0
1082600,2017,Mumbai,2017-04-12,League,JJ Bumrah,Wankhede Stadium,Mumbai Indians,Sunrisers Hyderabad,Mumbai Indians,field,Mumbai Indians,wickets,4.0,159.0,20.0,N,Normal Match,Nitin Menon,CK Nandan,Chase,2017,True,317,14,158,159,8,6,0
1082601,2017,Kolkata,2017-04-13,League,SP Narine,Eden Gardens,Kolkata Knight Riders,Kings XI Punjab,Kolkata Knight Riders,field,Kolkata Knight Riders,wickets,8.0,171.0,20.0,N,Normal Match,A Deshmukh,NJ Llong,Chase,2017,True,341,11,170,171,9,2,0
1082602,2017,Bangalore,2017-04-14,League,KA Pollard,M Chinnaswamy Stadium,Royal Challengers Bangalore,Mumbai Indians,Mumbai Indians,field,Mumbai Indians,wickets,4.0,143.0,20.0,N,Normal Match,KN Ananthapadmanabhan,AK Chaudhary,Chase,2017,True,287,11,142,145,5,6,0
1082603,2017,Rajkot,2017-04-14,League,AJ Tye,Saurashtra Cricket Association Stadium,Gujarat Lions,Rising Pune Supergiant,Gujarat Lions,field,Gujarat Lions,wickets,7.0,172.0,20.0,N,Normal Match,A Nand Kishore,S Ravi,Chase,2017,True,343,11,171,172,8,3,0
1082604,2017,Kolkata,2017-04-15,League,RV Uthappa,Eden Gardens,Kolkata Knight Riders,Sunrisers Hyderabad,Sunrisers Hyderabad,field,Kolkata Knight Riders,runs,17.0,173.0,20.0,N,Normal Match,AY Dandekar,NJ Llong,Defend,2017,False,327,12,172,155,6,6,0
1082605,2017,Delhi,2017-04-15,League,CJ Anderson,Feroz Shah Kotla,Delhi Daredevils,Kings XI Punjab,Delhi Daredevils,bat,Delhi Daredevils,runs,51.0,189.0,20.0,N,Normal Match,YC Barde,Nitin Menon,Defend,2017,True,325,15,188,137,6,9,1
1082606,2017,Mumbai,2017-04-16,League,N Rana,Wankhede Stadium,Mumbai Indians,Gujarat Lions,Mumbai Indians,field,Mumbai Indians,wickets,6.0,177.0,20.0,N,Normal Match,A Nand Kishore,S Ravi,Chase,2017,True,353,8,176,177,4,4,0
1082607,2017,Bangalore,2017-04-16,League,BA Stokes,M Chinnaswamy Stadium,Royal Challengers Bangalore,Rising Pune Supergiant,Royal Challengers Bangalore,field,Rising Pune Supergiant,runs,27.0,162.0,20.0,N,Normal Match,KN Ananthapadmanabhan,C Shamshuddin,Defend,2017,False,295,17,161,134,8,9,0
1082608,2017,Delhi,2017-04-17,League,NM Coulter-Nile,Feroz Shah Kotla,Delhi Daredevils,Kolkata Knight Riders,Delhi Daredevils,bat,Kolkata Knight Riders,wickets,4.0,169.0,20.0,N,Normal Match,Nitin Menon,CK Nandan,Chase,2017,False,337,13,168,169,7,6,1
1082609,2017,Hyderabad,2017-04-17,League,B Kumar,"Rajiv Gandhi International Stadium, Uppal",Sunrisers Hyderabad,Kings XI Punjab,Kings XI Punjab,field,Sunrisers Hyderabad,runs,5.0,160.0,20.0,N,Normal Match,AY Dandekar,A Deshmukh,Defend,2017,False,313,16,159,154,6,10,0
1082610,2017,Rajkot,2017-04-18,League,CH Gayle,Saurashtra Cricket Association Stadium,Gujarat Lions,Royal Challengers Bangalore,Gujarat Lions,field,Royal Challengers Bangalore,runs,21.0,214.0,20.0,N,Normal Match,S Ravi,VK Sharma,Defend,2017,False,405,9,213,192,2,7,0
1082611,2017,Hyderabad,2017-04-19,League,KS Williamson,"Rajiv Gandhi International Stadium, Uppal",Sunrisers Hyderabad,Delhi Daredevils,Sunrisers Hyderabad,bat,Sunrisers Hyderabad,runs,15.0,192.0,20.0,N,Normal Match,CB Gaffaney,NJ Llong,Defend,2017,True,367,9,191,176,4,5,1
1082612,2017,Indore,2017-04-20,League,JC Buttler,Holkar Cricket Stadium,Kings XI Punjab,Mumbai Indians,Mumbai Indians,field,Mumbai Indians,wickets,8.0,199.0,20.0,N,Normal Match,M Erasmus,C Shamshuddin,Chase,2017,True,397,6,198,199,4,2,0
1082613,2017,Kolkata,2017-04-21,League,SK Raina,Eden Gardens,Kolkata Knight Riders,Gujarat Lions,Gujarat Lions,field,Gujarat Lions,wickets,4.0,188.0,20.0,N,Normal Match,CB Gaffaney,Nitin Menon,Chase,2017,True,375,11,187,188,5,6,0
1082614,2017,Mumbai,2017-04-22,League,MJ McClenaghan,Wankhede Stadium,Mumbai Indians,Delhi Daredevils,Delhi Daredevils,field,Mumbai Indians,runs,14.0,143.0,20.0,N,Normal Match,A Nand Kishore,S Ravi,Defend,2017,False,270,15,142,128,8,7,0
1082615,2017,Pune,2017-04-22,League,MS Dhoni,Maharashtra Cricket Association Stadium,Rising Pune Supergiant,Sunrisers Hyderabad,Rising Pune Supergiant,field,Rising Pune Supergiant,wickets,6.0,177.0,20.0,N,Normal Match,AY Dandekar,A Deshmukh,Chase,2017,True,355,7,176,179,3,4,0
1082616,2017,Rajkot,2017-04-23,League,HM Amla,Saurashtra Cricket Association Stadium,Gujarat Lions,Kings XI Punjab,Gujarat Lions,field,Kings XI Punjab,runs,26.0,189.0,20.0,N,Normal Match,AK Chaudhary,M Erasmus,Defend,2017,False,350,14,188,162,7,7,0
1082617,2017,Kolkata,2017-04-23,League,NM Coulter-Nile,Eden Gardens,Kolkata Knight Riders,Royal Challengers Bangalore,Royal Challengers Bangalore,field,Kolkata Knight Riders,runs,82.0,132.0,20.0,N,Normal Match,CB Gaffaney,CK Nandan,Defend,2017,False,180,20,131,49,10,10,0
1082618,2017,Mumbai,2017-04-24,League,BA Stokes,Wankhede Stadium,Mumbai Indians,Rising Pune Supergiant,Mumbai Indians,field,Rising Pune Supergiant,runs,3.0,161.0,20.0,N,Normal Match,A Nand Kishore,S Ravi,Defend,2017,False,317,14,160,157,6,8,0
1082620,2017,Pune,2017-04-26,League,RV Uthappa,Maharashtra Cricket Association Stadium,Rising Pune Supergiant,Kolkata Knight Riders,Kolkata Knight Riders,field,Kolkata Knight Riders,wickets,7.0,183.0,20.0,N,Normal Match,AY Dandekar,NJ Llong,Chase,2017,True,366,8,182,184,5,3,0
1082621,2017,Bangalore,2017-04-27,League,AJ Tye,M Chinnaswamy Stadium,Royal Challengers Bangalore,Gujarat Lions,Gujarat Lions,field,Gujarat Lions,wickets,7.0,135.0,20.0,N,Normal Match,AK Chaudhary,C Shamshuddin,Chase,2017,True,269,13,134,135,10,3,0
1082622,2017,Kolkata,2017-04-28,League,G Gambhir,Eden Gardens,Kolkata Knight Riders,Delhi Daredevils,Kolkata Knight Riders,field,Kolkata Knight Riders,wickets,7.0,161.0,20.0,N,Normal Match,NJ Llong,S Ravi,Chase,2017,True,321,9,160,161,6,3,0
1082623,2017,Chandigarh,2017-04-28,League,Rashid Khan,"Punjab Cricket Association IS Bindra Stadium, Mohali",Kings XI Punjab,Sunrisers Hyderabad,Kings XI Punjab,field,Sunrisers Hyderabad,runs,26.0,208.0,20.0,N,Normal Match,Nitin Menon,CK Nandan,Defend,2017,False,388,12,207,181,3,9,0
1082624,2017,Pune,2017-04-29,League,LH Ferguson,Maharashtra Cricket Association Stadium,Rising Pune Supergiant,Royal Challengers Bangalore,Royal Challengers Bangalore,field,Rising Pune Supergiant,runs,61.0,158.0,20.0,N,Normal Match,KN Ananthapadmanabhan,M Erasmus,Defend,2017,False,253,12,157,96,3,9,0
1082625,2017,Rajkot,2017-04-29,League,KH Pandya,Saurashtra Cricket Association Stadium,Gujarat Lions,Mumbai Indians,Gujarat Lions,bat,Mumbai Indians,tie,No Result,154.0,20.0,Y,Normal Match,AK Chaudhary,CB Gaffaney,No Result,2017,False,323,21,153,153,9,10,1
1082626,2017,Chandigarh,2017-04-30,League,Sandeep Sharma,"Punjab Cricket Association IS Bindra Stadium, Mohali",Kings XI Punjab,Delhi Daredevils,Kings XI Punjab,field,Kings XI Punjab,wickets,10.0,68.0,20.0,N,Normal Match,YC Barde,CK Nandan,Chase,2017,True,135,10,67,68,10,0,0
1082627,2017,Hyderabad,2017-04-30,League,DA Warner,"Rajiv Gandhi International Stadium, Uppal",Sunrisers Hyderabad,Kolkata Knight Riders,Kolkata Knight Riders,field,Sunrisers Hyderabad,runs,48.0,210.0,20.0,N,Normal Match,AY Dandekar,S Ravi,Defend,2017,False,370,10,209,161,3,7,0
1082628,2017,Mumbai,2017-05-01,League,RG Sharma,Wankhede Stadium,Mumbai Indians,Royal Challengers Bangalore,Royal Challengers Bangalore,bat,Mumbai Indians,wickets,5.0,163.0,20.0,N,Normal Match,AK Chaudhary,CB Gaffaney,Chase,2017,False,327,14,162,165,8,6,1
1082629,2017,Pune,2017-05-01,League,BA Stokes,Maharashtra Cricket Association Stadium,Rising Pune Supergiant,Gujarat Lions,Rising Pune Supergiant,field,Rising Pune Supergiant,wickets,5.0,162.0,20.0,N,Normal Match,M Erasmus,C Shamshuddin,Chase,2017,True,328,15,161,167,10,5,0
1082630,2017,Delhi,2017-05-02,League,Mohammed Shami,Feroz Shah Kotla,Delhi Daredevils,Sunrisers Hyderabad,Delhi Daredevils,field,Delhi Daredevils,wickets,6.0,186.0,20.0,N,Normal Match,YC Barde,Nitin Menon,Chase,2017,True,374,7,185,189,3,4,0
1082631,2017,Kolkata,2017-05-03,League,RA Tripathi,Eden Gardens,Kolkata Knight Riders,Rising Pune Supergiant,Rising Pune Supergiant,field,Rising Pune Supergiant,wickets,4.0,156.0,20.0,N,Normal Match,KN Ananthapadmanabhan,A Nand Kishore,Chase,2017,True,313,14,155,158,8,6,0
1082632,2017,Delhi,2017-05-04,League,RR Pant,Feroz Shah Kotla,Delhi Daredevils,Gujarat Lions,Delhi Daredevils,field,Delhi Daredevils,wickets,7.0,209.0,20.0,N,Normal Match,M Erasmus,Nitin Menon,Chase,2017,True,422,10,208,214,7,3,0
1082633,2017,Bangalore,2017-05-05,League,Sandeep Sharma,M Chinnaswamy Stadium,Royal Challengers Bangalore,Kings XI Punjab,Royal Challengers Bangalore,field,Kings XI Punjab,runs,19.0,139.0,20.0,N,Normal Match,CB Gaffaney,C Shamshuddin,Defend,2017,False,257,17,138,119,7,10,0
1082634,2017,Hyderabad,2017-05-06,League,JD Unadkat,"Rajiv Gandhi International Stadium, Uppal",Sunrisers Hyderabad,Rising Pune Supergiant,Sunrisers Hyderabad,field,Rising Pune Supergiant,runs,12.0,149.0,20.0,N,Normal Match,KN Ananthapadmanabhan,AK Chaudhary,Defend,2017,False,284,17,148,136,8,9,0
1082635,2017,Delhi,2017-05-06,League,LMP Simmons,Feroz Shah Kotla,Delhi Daredevils,Mumbai Indians,Delhi Daredevils,field,Mumbai Indians,runs,146.0,213.0,20.0,N,Normal Match,Nitin Menon,CK Nandan,Defend,2017,False,278,13,212,66,3,10,0
1082636,2017,Bangalore,2017-05-07,League,SP Narine,M Chinnaswamy Stadium,Royal Challengers Bangalore,Kolkata Knight Riders,Kolkata Knight Riders,field,Kolkata Knight Riders,wickets,6.0,159.0,20.0,N,Normal Match,AY Dandekar,C Shamshuddin,Chase,2017,True,317,10,158,159,6,4,0
1082637,2017,Chandigarh,2017-05-07,League,DR Smith,"Punjab Cricket Association IS Bindra Stadium, Mohali",Kings XI Punjab,Gujarat Lions,Gujarat Lions,field,Gujarat Lions,wickets,6.0,190.0,20.0,N,Normal Match,A Nand Kishore,VK Sharma,Chase,2017,True,381,7,189,192,3,4,0
1082638,2017,Hyderabad,2017-05-08,League,S Dhawan,"Rajiv Gandhi International Stadium, Uppal",Sunrisers Hyderabad,Mumbai Indians,Mumbai Indians,bat,Sunrisers Hyderabad,wickets,7.0,139.0,20.0,N,Normal Match,KN Ananthapadmanabhan,M Erasmus,Chase,2017,False,278,10,138,140,7,3,1
1082639,2017,Chandigarh,2017-05-09,League,MM Sharma,"Punjab Cricket Association IS Bindra Stadium, Mohali",Kings XI Punjab,Kolkata Knight Riders,Kolkata Knight Riders,field,Kings XI Punjab,runs,14.0,168.0,20.0,N,Normal Match,A Nand Kishore,S Ravi,Defend,2017,False,320,12,167,153,6,6,0
1082640,2017,Kanpur,2017-05-10,League,SS Iyer,Green Park,Gujarat Lions,Delhi Daredevils,Delhi Daredevils,field,Delhi Daredevils,wickets,2.0,196.0,20.0,N,Normal Match,YC Barde,AK Chaudhary,Chase,2017,True,392,13,195,197,5,8,0
1082641,2017,Mumbai,2017-05-11,League,WP Saha,Wankhede Stadium,Mumbai Indians,Kings XI Punjab,Mumbai Indians,field,Kings XI Punjab,runs,7.0,231.0,20.0,N,Normal Match,A Deshmukh,A Nand Kishore,Defend,2017,False,453,9,230,223,3,6,0
1082642,2017,Delhi,2017-05-12,League,KK Nair,Feroz Shah Kotla,Delhi Daredevils,Rising Pune Supergiant,Delhi Daredevils,bat,Delhi Daredevils,runs,7.0,169.0,20.0,N,Normal Match,KN Ananthapadmanabhan,CK Nandan,Defend,2017,True,329,15,168,161,8,7,1
1082643,2017,Kanpur,2017-05-13,League,Mohammed Siraj,Green Park,Gujarat Lions,Sunrisers Hyderabad,Sunrisers Hyderabad,field,Sunrisers Hyderabad,wickets,8.0,155.0,20.0,N,Normal Match,AK Chaudhary,Nitin Menon,Chase,2017,True,312,12,154,158,10,2,0
1082644,2017,Kolkata,2017-05-13,League,AT Rayudu,Eden Gardens,Kolkata Knight Riders,Mumbai Indians,Kolkata Knight Riders,field,Mumbai Indians,runs,9.0,174.0,20.0,N,Normal Match,A Nand Kishore,S Ravi,Defend,2017,False,337,13,173,164,5,8,0
1082645,2017,Pune,2017-05-14,League,JD Unadkat,Maharashtra Cricket Association Stadium,Rising Pune Supergiant,Kings XI Punjab,Rising Pune Supergiant,field,Rising Pune Supergiant,wickets,9.0,74.0,20.0,N,Normal Match,AY Dandekar,A Deshmukh,Chase,2017,True,151,11,73,78,10,1,0
1082646,2017,Delhi,2017-05-14,League,HV Patel,Feroz Shah Kotla,Delhi Daredevils,Royal Challengers Bangalore,Royal Challengers Bangalore,bat,Royal Challengers Bangalore,runs,10.0,162.0,20.0,N,Normal Match,CK Nandan,C Shamshuddin,Defend,2017,True,312,16,161,151,6,10,1
1082647,2017,Mumbai,2017-05-16,Qualifier 1,Washington Sundar,Wankhede Stadium,Mumbai Indians,Rising Pune Supergiant,Mumbai Indians,field,Rising Pune Supergiant,runs,20.0,163.0,20.0,N,Normal Match,S Ravi,C Shamshuddin,Defend,2017,False,304,13,162,142,4,9,0
1082648,2017,Bangalore,2017-05-17,Eliminator,NM Coulter-Nile,M Chinnaswamy Stadium,Sunrisers Hyderabad,Kolkata Knight Riders,Kolkata Knight Riders,field,Kolkata Knight Riders,wickets,7.0,48.0,6.0,N,D/L,AK Chaudhary,Nitin Menon,Chase,2017,True,176,10,128,48,7,3,0
1082649,2017,Bangalore,2017-05-19,Qualifier 2,KV Sharma,M Chinnaswamy Stadium,Mumbai Indians,Kolkata Knight Riders,Mumbai Indians,field,Mumbai Indians,wickets,6.0,108.0,20.0,N,Normal Match,NJ Llong,Nitin Menon,Chase,2017,True,218,14,107,111,10,4,0
1082650,2017,Hyderabad,2017-05-21,Final,KH Pandya,"Rajiv Gandhi International Stadium, Uppal",Mumbai Indians,Rising Pune Supergiant,Mumbai Indians,bat,Mumbai Indians,runs,1.0,130.0,20.0,N,Normal Match,NJ Llong,S Ravi,Defend,2017,True,257,14,129,128,8,6,1
1136561,2018,Mumbai,2018-04-07,League,DJ Bravo,Wankhede Stadium,Mumbai Indians,Chennai Super Kings,Chennai Super Kings,field,Chennai Super Kings,wickets,1.0,166.0,20.0,N,Normal Match,CB Gaffaney,A Nand Kishore,Chase,2018,True,334,13,165,169,4,9,0
1136562,2018,Chandigarh,2018-04-08,League,KL Rahul,Punjab Cricket Association IS Bindra Stadium,Delhi Daredevils,Kings XI Punjab,Kings XI Punjab,field,Kings XI Punjab,wickets,6.0,167.0,20.0,N,Normal Match,KN Ananthapadmanabhan,RJ Tucker,Chase,2018,True,333,11,166,167,7,4,0
1136563,2018,Kolkata,2018-04-08,League,SP Narine,Eden Gardens,Royal Challengers Bangalore,Kolkata Knight Riders,Kolkata Knight Riders,field,Kolkata Knight Riders,wickets,4.0,177.0,20.0,N,Normal Match,A Deshmukh,C Shamshuddin,Chase,2018,True,353,13,176,177,7,6,0
1136564,2018,Hyderabad,2018-04-09,League,S Dhawan,Rajiv Gandhi International Stadium,Rajasthan Royals,Sunrisers Hyderabad,Sunrisers Hyderabad,field,Sunrisers Hyderabad,wickets,9.0,126.0,20.0,N,Normal Match,NJ Llong,VA Kulkarni,Chase,2018,True,252,10,125,127,9,1,0
1136565,2018,Chennai,2018-04-10,League,SW Billings,MA Chidambaram Stadium,Kolkata Knight Riders,Chennai Super Kings,Chennai Super Kings,field,Chennai Super Kings,wickets,5.0,203.0,20.0,N,Normal Match,AK Chaudhary,CB Gaffaney,Chase,2018,True,407,11,202,205,6,5,0
1136566,2018,Jaipur,2018-04-11,League,SV Samson,Sawai Mansingh Stadium,Rajasthan Royals,Delhi Daredevils,Delhi Daredevils,field,Rajasthan Royals,runs,10.0,71.0,6.0,N,D/L,KN Ananthapadmanabhan,Nitin Menon,Defend,2018,False,213,9,153,60,5,4,0
1136567,2018,Hyderabad,2018-04-12,League,Rashid Khan,Rajiv Gandhi International Stadium,Mumbai Indians,Sunrisers Hyderabad,Sunrisers Hyderabad,field,Sunrisers Hyderabad,wickets,1.0,148.0,20.0,N,Normal Match,CK Nandan,NJ Llong,Chase,2018,True,298,17,147,151,8,9,0
1136568,2018,Bengaluru,2018-04-13,League,UT Yadav,M.Chinnaswamy Stadium,Kings XI Punjab,Royal Challengers Bangalore,Royal Challengers Bangalore,field,Royal Challengers Bangalore,wickets,4.0,156.0,20.0,N,Normal Match,A Deshmukh,S Ravi,Chase,2018,True,314,16,155,159,10,6,0
1136569,2018,Mumbai,2018-04-14,League,JJ Roy,Wankhede Stadium,Mumbai Indians,Delhi Daredevils,Delhi Daredevils,field,Delhi Daredevils,wickets,7.0,195.0,20.0,N,Normal Match,KN Ananthapadmanabhan,Nitin Menon,Chase,2018,True,389,10,194,195,7,3,0
1136570,2018,Kolkata,2018-04-14,League,B Stanlake,Eden Gardens,Kolkata Knight Riders,Sunrisers Hyderabad,Sunrisers Hyderabad,field,Sunrisers Hyderabad,wickets,5.0,139.0,20.0,N,Normal Match,AK Chaudhary,A Nand Kishore,Chase,2018,True,277,13,138,139,8,5,0
1136571,2018,Bengaluru,2018-04-15,League,SV Samson,M.Chinnaswamy Stadium,Rajasthan Royals,Royal Challengers Bangalore,Royal Challengers Bangalore,field,Rajasthan Royals,runs,19.0,218.0,20.0,N,Normal Match,C Shamshuddin,S Ravi,Defend,2018,False,415,10,217,198,4,6,0
1136572,2018,Chandigarh,2018-04-15,League,CH Gayle,Punjab Cricket Association IS Bindra Stadium,Kings XI Punjab,Chennai Super Kings,Chennai Super Kings,field,Kings XI Punjab,runs,4.0,198.0,20.0,N,Normal Match,CK Nandan,VA Kulkarni,Defend,2018,False,390,12,197,193,7,5,0
1136573,2018,Kolkata,2018-04-16,League,N Rana,Eden Gardens,Kolkata Knight Riders,Delhi Daredevils,Delhi Daredevils,field,Kolkata Knight Riders,runs,71.0,201.0,20.0,N,Normal Match,AK Chaudhary,A Nand Kishore,Defend,2018,False,329,19,200,129,9,10,0
1136574,2018,Mumbai,2018-04-17,League,RG Sharma,Wankhede Stadium,Mumbai Indians,Royal Challengers Bangalore,Royal Challengers Bangalore,field,Mumbai Indians,runs,46.0,214.0,20.0,N,Normal Match,Nitin Menon,RJ Tucker,Defend,2018,False,380,14,213,167,6,8,0
1136575,2018,Jaipur,2018-04-18,League,N Rana,Sawai Mansingh Stadium,Rajasthan Royals,Kolkata Knight Riders,Kolkata Knight Riders,field,Kolkata Knight Riders,wickets,7.0,161.0,20.0,N,Normal Match,A Deshmukh,S Ravi,Chase,2018,True,323,11,160,163,8,3,0
1136576,2018,Chandigarh,2018-04-19,League,CH Gayle,Punjab Cricket Association IS Bindra Stadium,Kings XI Punjab,Sunrisers Hyderabad,Kings XI Punjab,bat,Kings XI Punjab,runs,15.0,194.0,20.0,N,Normal Match,AK Chaudhary,NJ Llong,Defend,2018,True,371,8,193,178,3,5,1
1136577,2018,Pune,2018-04-20,League,SR Watson,Maharashtra Cricket Association Stadium,Chennai Super Kings,Rajasthan Royals,Rajasthan Royals,field,Chennai Super Kings,runs,64.0,205.0,20.0,N,Normal Match,KN Ananthapadmanabhan,Nitin Menon,Defend,2018,False,344,15,204,140,5,10,0
1136578,2018,Kolkata,2018-04-21,League,KL Rahul,Eden Gardens,Kolkata Knight Riders,Kings XI Punjab,Kings XI Punjab,field,Kings XI Punjab,wickets,9.0,125.0,13.0,N,D/L,A Deshmukh,C Shamshuddin,Chase,2018,True,317,8,191,126,7,1,0
1136579,2018,Bengaluru,2018-04-21,League,AB de Villiers,M.Chinnaswamy Stadium,Delhi Daredevils,Royal Challengers Bangalore,Royal Challengers Bangalore,field,Royal Challengers Bangalore,wickets,6.0,175.0,20.0,N,Normal Match,CB Gaffaney,CK Nandan,Chase,2018,True,350,9,174,176,5,4,0
1136580,2018,Hyderabad,2018-04-22,League,AT Rayudu,Rajiv Gandhi International Stadium,Chennai Super Kings,Sunrisers Hyderabad,Sunrisers Hyderabad,field,Chennai Super Kings,runs,4.0,183.0,20.0,N,Normal Match,AK Chaudhary,VA Kulkarni,Defend,2018,False,360,9,182,178,3,6,0
1136581,2018,Jaipur,2018-04-22,League,JC Archer,Sawai Mansingh Stadium,Mumbai Indians,Rajasthan Royals,Mumbai Indians,bat,Rajasthan Royals,wickets,3.0,168.0,20.0,N,Normal Match,KN Ananthapadmanabhan,RJ Tucker,Chase,2018,False,335,14,167,168,7,7,1
1136582,2018,Delhi,2018-04-23,League,AS Rajpoot,Arun Jaitley Stadium,Kings XI Punjab,Delhi Daredevils,Delhi Daredevils,field,Kings XI Punjab,runs,4.0,144.0,20.0,N,Normal Match,A Nand Kishore,CK Nandan,Defend,2018,False,282,16,143,139,8,8,0
1136583,2018,Mumbai,2018-04-24,League,Rashid Khan,Wankhede Stadium,Sunrisers Hyderabad,Mumbai Indians,Mumbai Indians,field,Sunrisers Hyderabad,runs,31.0,119.0,20.0,N,Normal Match,C Shamshuddin,S Ravi,Defend,2018,False,205,20,118,87,10,10,0
1136584,2018,Bengaluru,2018-04-25,League,MS Dhoni,M.Chinnaswamy Stadium,Royal Challengers Bangalore,Chennai Super Kings,Chennai Super Kings,field,Chennai Super Kings,wickets,5.0,206.0,20.0,N,Normal Match,NJ Llong,VK Sharma,Chase,2018,True,412,13,205,207,8,5,0
1136585,2018,Hyderabad,2018-04-26,League,AS Rajpoot,Rajiv Gandhi International Stadium,Sunrisers Hyderabad,Kings XI Punjab,Kings XI Punjab,field,Sunrisers Hyderabad,runs,13.0,133.0,20.0,N,Normal Match,CK Nandan,YC Barde,Defend,2018,False,251,16,132,119,6,10,0
1136586,2018,Delhi,2018-04-27,League,SS Iyer,Arun Jaitley Stadium,Delhi Daredevils,Kolkata Knight Riders,Kolkata Knight Riders,field,Delhi Daredevils,runs,55.0,220.0,20.0,N,Normal Match,C Shamshuddin,S Ravi,Defend,2018,False,383,13,219,164,4,9,0
1136587,2018,Pune,2018-04-28,League,RG Sharma,Maharashtra Cricket Association Stadium,Chennai Super Kings,Mumbai Indians,Mumbai Indians,field,Mumbai Indians,wickets,8.0,170.0,20.0,N,Normal Match,CB Gaffaney,Nitin Menon,Chase,2018,True,339,7,169,170,5,2,0
1136588,2018,Jaipur,2018-04-29,League,KS Williamson,Sawai Mansingh Stadium,Sunrisers Hyderabad,Rajasthan Royals,Sunrisers Hyderabad,bat,Sunrisers Hyderabad,runs,11.0,152.0,20.0,N,Normal Match,BNJ Oxenford,A Nand Kishore,Defend,2018,True,291,13,151,140,7,6,1
1136589,2018,Bengaluru,2018-04-29,League,CA Lynn,M.Chinnaswamy Stadium,Royal Challengers Bangalore,Kolkata Knight Riders,Kolkata Knight Riders,field,Kolkata Knight Riders,wickets,6.0,176.0,20.0,N,Normal Match,AK Chaudhary,NJ Llong,Chase,2018,True,351,9,175,176,4,5,0
1136590,2018,Pune,2018-04-30,League,SR Watson,Maharashtra Cricket Association Stadium,Chennai Super Kings,Delhi Daredevils,Delhi Daredevils,field,Chennai Super Kings,runs,13.0,212.0,20.0,N,Normal Match,AY Dandekar,C Shamshuddin,Defend,2018,False,409,9,211,198,4,5,0
1136591,2018,Bengaluru,2018-05-01,League,TG Southee,M.Chinnaswamy Stadium,Royal Challengers Bangalore,Mumbai Indians,Mumbai Indians,field,Royal Challengers Bangalore,runs,14.0,168.0,20.0,N,Normal Match,M Erasmus,Nitin Menon,Defend,2018,False,320,14,167,153,7,7,0
1136592,2018,Delhi,2018-05-02,League,RR Pant,Arun Jaitley Stadium,Delhi Daredevils,Rajasthan Royals,Rajasthan Royals,field,Delhi Daredevils,runs,4.0,151.0,12.0,N,D/L,CK Nandan,VK Sharma,Defend,2018,False,342,11,196,146,6,5,0
1136593,2018,Kolkata,2018-05-03,League,SP Narine,Eden Gardens,Chennai Super Kings,Kolkata Knight Riders,Kolkata Knight Riders,field,Kolkata Knight Riders,wickets,6.0,178.0,20.0,N,Normal Match,A Deshmukh,HDPK Dharmasena,Chase,2018,True,357,9,177,180,5,4,0
1136594,2018,Indore,2018-05-04,League,SA Yadav,Holkar Cricket Stadium,Kings XI Punjab,Mumbai Indians,Mumbai Indians,field,Mumbai Indians,wickets,6.0,175.0,20.0,N,Normal Match,AY Dandekar,S Ravi,Chase,2018,True,350,10,174,176,6,4,0
1136595,2018,Pune,2018-05-05,League,RA Jadeja,Maharashtra Cricket Association Stadium,Royal Challengers Bangalore,Chennai Super Kings,Chennai Super Kings,field,Chennai Super Kings,wickets,6.0,128.0,20.0,N,Normal Match,Nitin Menon,YC Barde,Chase,2018,True,255,13,127,128,9,4,0
1136596,2018,Hyderabad,2018-05-05,League,Rashid Khan,Rajiv Gandhi International Stadium,Delhi Daredevils,Sunrisers Hyderabad,Delhi Daredevils,bat,Sunrisers Hyderabad,wickets,7.0,164.0,20.0,N,Normal Match,BNJ Oxenford,CK Nandan,Chase,2018,False,327,8,163,164,5,3,1
1136597,2018,Mumbai,2018-05-06,League,HH Pandya,Wankhede Stadium,Mumbai Indians,Kolkata Knight Riders,Kolkata Knight Riders,field,Mumbai Indians,runs,13.0,182.0,20.0,N,Normal Match,A Deshmukh,HDPK Dharmasena,Defend,2018,False,349,10,181,168,4,6,0
1136598,2018,Indore,2018-05-06,League,Mujeeb Ur Rahman,Holkar Cricket Stadium,Rajasthan Royals,Kings XI Punjab,Kings XI Punjab,field,Kings XI Punjab,wickets,6.0,153.0,20.0,N,Normal Match,C Shamshuddin,S Ravi,Chase,2018,True,307,13,152,155,9,4,0
1136599,2018,Hyderabad,2018-05-07,League,KS Williamson,Rajiv Gandhi International Stadium,Sunrisers Hyderabad,Royal Challengers Bangalore,Royal Challengers Bangalore,field,Sunrisers Hyderabad,runs,5.0,147.0,20.0,N,Normal Match,BNJ Oxenford,VK Sharma,Defend,2018,False,287,16,146,141,10,6,0
1136600,2018,Jaipur,2018-05-08,League,JC Buttler,Sawai Mansingh Stadium,Rajasthan Royals,Kings XI Punjab,Rajasthan Royals,bat,Rajasthan Royals,runs,15.0,159.0,20.0,N,Normal Match,M Erasmus,Nitin Menon,Defend,2018,True,301,15,158,143,8,7,1
1136601,2018,Kolkata,2018-05-09,League,Ishan Kishan,Eden Gardens,Mumbai Indians,Kolkata Knight Riders,Kolkata Knight Riders,field,Mumbai Indians,runs,102.0,211.0,20.0,N,Normal Match,KN Ananthapadmanabhan,AK Chaudhary,Defend,2018,False,318,16,210,108,6,10,0
1136602,2018,Delhi,2018-05-10,League,S Dhawan,Arun Jaitley Stadium,Delhi Daredevils,Sunrisers Hyderabad,Delhi Daredevils,bat,Sunrisers Hyderabad,wickets,9.0,188.0,20.0,N,Normal Match,AY Dandekar,C Shamshuddin,Chase,2018,False,378,6,187,191,5,1,1
1136603,2018,Jaipur,2018-05-11,League,JC Buttler,Sawai Mansingh Stadium,Chennai Super Kings,Rajasthan Royals,Chennai Super Kings,bat,Rajasthan Royals,wickets,4.0,177.0,20.0,N,Normal Match,M Erasmus,YC Barde,Chase,2018,False,353,10,176,177,4,6,1
1136604,2018,Indore,2018-05-12,League,SP Narine,Holkar Cricket Stadium,Kolkata Knight Riders,Kings XI Punjab,Kings XI Punjab,field,Kolkata Knight Riders,runs,31.0,246.0,20.0,N,Normal Match,CK Nandan,VK Sharma,Defend,2018,False,459,14,245,214,6,8,0
1136605,2018,Delhi,2018-05-12,League,AB de Villiers,Arun Jaitley Stadium,Delhi Daredevils,Royal Challengers Bangalore,Royal Challengers Bangalore,field,Royal Challengers Bangalore,wickets,5.0,182.0,20.0,N,Normal Match,KN Ananthapadmanabhan,HDPK Dharmasena,Chase,2018,True,368,9,181,187,4,5,0
1136606,2018,Pune,2018-05-13,League,AT Rayudu,Maharashtra Cricket Association Stadium,Sunrisers Hyderabad,Chennai Super Kings,Chennai Super Kings,field,Chennai Super Kings,wickets,8.0,180.0,20.0,N,Normal Match,M Erasmus,YC Barde,Chase,2018,True,359,6,179,180,4,2,0
1136607,2018,Mumbai,2018-05-13,League,JC Buttler,Wankhede Stadium,Mumbai Indians,Rajasthan Royals,Rajasthan Royals,field,Rajasthan Royals,wickets,7.0,169.0,20.0,N,Normal Match,Nitin Menon,S Ravi,Chase,2018,True,339,9,168,171,6,3,0
1136608,2018,Indore,2018-05-14,League,UT Yadav,Holkar Cricket Stadium,Kings XI Punjab,Royal Challengers Bangalore,Royal Challengers Bangalore,field,Royal Challengers Bangalore,wickets,10.0,89.0,20.0,N,Normal Match,BNJ Oxenford,VK Sharma,Chase,2018,True,180,10,88,92,10,0,0
1136609,2018,Kolkata,2018-05-15,League,Kuldeep Yadav,Eden Gardens,Rajasthan Royals,Kolkata Knight Riders,Kolkata Knight Riders,field,Kolkata Knight Riders,wickets,6.0,143.0,20.0,N,Normal Match,AK Chaudhary,HDPK Dharmasena,Chase,2018,True,287,14,142,145,10,4,0
1136610,2018,Mumbai,2018-05-16,League,JJ Bumrah,Wankhede Stadium,Mumbai Indians,Kings XI Punjab,Kings XI Punjab,field,Mumbai Indians,runs,3.0,187.0,20.0,N,Normal Match,M Erasmus,Nitin Menon,Defend,2018,False,369,13,186,183,8,5,0
1136611,2018,Bengaluru,2018-05-17,League,AB de Villiers,M.Chinnaswamy Stadium,Royal Challengers Bangalore,Sunrisers Hyderabad,Sunrisers Hyderabad,field,Royal Challengers Bangalore,runs,14.0,219.0,20.0,N,Normal Match,AY Dandekar,S Ravi,Defend,2018,False,422,9,218,204,6,3,0
1136612,2018,Delhi,2018-05-18,League,HV Patel,Arun Jaitley Stadium,Delhi Daredevils,Chennai Super Kings,Chennai Super Kings,field,Delhi Daredevils,runs,34.0,163.0,20.0,N,Normal Match,HDPK Dharmasena,VA Kulkarni,Defend,2018,False,290,11,162,128,5,6,0
1136613,2018,Jaipur,2018-05-19,League,S Gopal,Sawai Mansingh Stadium,Rajasthan Royals,Royal Challengers Bangalore,Rajasthan Royals,bat,Rajasthan Royals,runs,30.0,165.0,20.0,N,Normal Match,BNJ Oxenford,VK Sharma,Defend,2018,True,298,15,164,134,5,10,1
1136614,2018,Hyderabad,2018-05-19,League,CA Lynn,Rajiv Gandhi International Stadium,Sunrisers Hyderabad,Kolkata Knight Riders,Sunrisers Hyderabad,bat,Kolkata Knight Riders,wickets,5.0,173.0,20.0,N,Normal Match,AK Chaudhary,S Ravi,Chase,2018,False,345,14,172,173,9,5,1
1136615,2018,Delhi,2018-05-20,League,A Mishra,Arun Jaitley Stadium,Delhi Daredevils,Mumbai Indians,Delhi Daredevils,bat,Delhi Daredevils,runs,11.0,175.0,20.0,N,Normal Match,HDPK Dharmasena,CK Nandan,Defend,2018,True,337,14,174,163,4,10,1
1136616,2018,Pune,2018-05-20,League,L Ngidi,Maharashtra Cricket Association Stadium,Kings XI Punjab,Chennai Super Kings,Chennai Super Kings,field,Chennai Super Kings,wickets,5.0,154.0,20.0,N,Normal Match,Nitin Menon,YC Barde,Chase,2018,True,312,15,153,159,10,5,0
1136617,2018,Mumbai,2018-05-22,Qualifier 1,F du Plessis,Wankhede Stadium,Sunrisers Hyderabad,Chennai Super Kings,Chennai Super Kings,field,Chennai Super Kings,wickets,2.0,140.0,20.0,N,Normal Match,C Shamshuddin,M Erasmus,Chase,2018,True,279,15,139,140,7,8,0
1136618,2018,Kolkata,2018-05-23,Eliminator,AD Russell,Eden Gardens,Kolkata Knight Riders,Rajasthan Royals,Rajasthan Royals,field,Kolkata Knight Riders,runs,25.0,170.0,20.0,N,Normal Match,AK Chaudhary,Nitin Menon,Defend,2018,False,313,11,169,144,7,4,0
1136619,2018,Kolkata,2018-05-25,Qualifier 2,Rashid Khan,Eden Gardens,Sunrisers Hyderabad,Kolkata Knight Riders,Kolkata Knight Riders,field,Sunrisers Hyderabad,runs,14.0,175.0,20.0,N,Normal Match,HDPK Dharmasena,Nitin Menon,Defend,2018,False,334,16,174,160,7,9,0
1136620,2018,Mumbai,2018-05-27,Final,SR Watson,Wankhede Stadium,Sunrisers Hyderabad,Chennai Super Kings,Chennai Super Kings,field,Chennai Super Kings,wickets,8.0,179.0,20.0,N,Normal Match,M Erasmus,S Ravi,Chase,2018,True,359,8,178,181,6,2,0
1175356,2019,Chennai,2019-03-23,League,Harbhajan Singh,MA Chidambaram Stadium,Royal Challengers Bangalore,Chennai Super Kings,Chennai Super Kings,field,Chennai Super Kings,wickets,7.0,71.0,20.0,N,Normal Match,AY Dandekar,BNJ Oxenford,Chase,2019,True,141,13,70,71,10,3,0
1175357,2019,Kolkata,2019-03-24,League,AD Russell,Eden Gardens,Sunrisers Hyderabad,Kolkata Knight Riders,Kolkata Knight Riders,field,Kolkata Knight Riders,wickets,6.0,182.0,20.0,N,Normal Match,AK Chaudhary,CB Gaffaney,Chase,2019,True,364,7,181,183,3,4,0
1175358,2019,Mumbai,2019-03-24,League,RR Pant,Wankhede Stadium,Delhi Capitals,Mumbai Indians,Mumbai Indians,field,Delhi Capitals,runs,37.0,214.0,20.0,N,Normal Match,S Ravi,YC Barde,Defend,2019,False,389,15,213,176,6,9,0
1175359,2019,Jaipur,2019-03-25,League,CH Gayle,Sawai Mansingh Stadium,Kings XI Punjab,Rajasthan Royals,Rajasthan Royals,field,Kings XI Punjab,runs,14.0,185.0,20.0,N,Normal Match,C Shamshuddin,KN Ananthapadmanabhan,Defend,2019,False,354,13,184,170,4,9,0
1175360,2019,Delhi,2019-03-26,League,SR Watson,Arun Jaitley Stadium,Delhi Capitals,Chennai Super Kings,Delhi Capitals,bat,Chennai Super Kings,wickets,6.0,148.0,20.0,N,Normal Match,M Erasmus,Nitin Menon,Chase,2019,False,297,10,147,150,6,4,1
1175361,2019,Kolkata,2019-03-27,League,AD Russell,Eden Gardens,Kolkata Knight Riders,Kings XI Punjab,Kings XI Punjab,field,Kolkata Knight Riders,runs,28.0,219.0,20.0,N,Normal Match,AK Chaudhary,VA Kulkarni,Defend,2019,False,408,8,218,190,4,4,0
1175362,2019,Bengaluru,2019-03-28,League,JJ Bumrah,M.Chinnaswamy Stadium,Mumbai Indians,Royal Challengers Bangalore,Royal Challengers Bangalore,field,Mumbai Indians,runs,6.0,188.0,20.0,N,Normal Match,CK Nandan,S Ravi,Defend,2019,False,368,13,187,181,8,5,0
1175363,2019,Hyderabad,2019-03-29,League,Rashid Khan,Rajiv Gandhi International Stadium,Rajasthan Royals,Sunrisers Hyderabad,Rajasthan Royals,bat,Sunrisers Hyderabad,wickets,5.0,199.0,20.0,N,Normal Match,BNJ Oxenford,C Shamshuddin,Chase,2019,False,399,7,198,201,2,5,1
1175364,2019,Chandigarh,2019-03-30,League,MA Agarwal,Punjab Cricket Association IS Bindra Stadium,Mumbai Indians,Kings XI Punjab,Kings XI Punjab,field,Kings XI Punjab,wickets,8.0,177.0,20.0,N,Normal Match,CB Gaffaney,VA Kulkarni,Chase,2019,True,353,9,176,177,7,2,0
1175365,2019,Delhi,2019-03-30,League,PP Shaw,Arun Jaitley Stadium,Kolkata Knight Riders,Delhi Capitals,Delhi Capitals,field,Delhi Capitals,tie,No Result,186.0,20.0,Y,Normal Match,AY Dandekar,Nitin Menon,No Result,2019,True,387,16,185,185,8,6,0
1175366,2019,Hyderabad,2019-03-31,League,JM Bairstow,Rajiv Gandhi International Stadium,Sunrisers Hyderabad,Royal Challengers Bangalore,Royal Challengers Bangalore,field,Sunrisers Hyderabad,runs,118.0,232.0,20.0,N,Normal Match,KN Ananthapadmanabhan,S Ravi,Defend,2019,False,344,12,231,113,2,10,0
1175367,2019,Chennai,2019-03-31,League,MS Dhoni,MA Chidambaram Stadium,Chennai Super Kings,Rajasthan Royals,Rajasthan Royals,field,Chennai Super Kings,runs,8.0,176.0,20.0,N,Normal Match,CK Nandan,YC Barde,Defend,2019,False,342,13,175,167,5,8,0
1175368,2019,Chandigarh,2019-04-01,League,SM Curran,Punjab Cricket Association IS Bindra Stadium,Kings XI Punjab,Delhi Capitals,Delhi Capitals,field,Kings XI Punjab,runs,14.0,167.0,20.0,N,Normal Match,AK Chaudhary,CB Gaffaney,Defend,2019,False,318,19,166,152,9,10,0
1175369,2019,Jaipur,2019-04-02,League,S Gopal,Sawai Mansingh Stadium,Royal Challengers Bangalore,Rajasthan Royals,Rajasthan Royals,field,Rajasthan Royals,wickets,7.0,159.0,20.0,N,Normal Match,AY Dandekar,M Erasmus,Chase,2019,True,322,7,158,164,4,3,0
1175370,2019,Mumbai,2019-04-03,League,HH Pandya,Wankhede Stadium,Mumbai Indians,Chennai Super Kings,Chennai Super Kings,field,Mumbai Indians,runs,37.0,171.0,20.0,N,Normal Match,BNJ Oxenford,RJ Tucker,Defend,2019,False,303,13,170,133,5,8,0
1175371,2019,Delhi,2019-04-04,League,JM Bairstow,Arun Jaitley Stadium,Delhi Capitals,Sunrisers Hyderabad,Sunrisers Hyderabad,field,Sunrisers Hyderabad,wickets,5.0,130.0,20.0,N,Normal Match,C Shamshuddin,KN Ananthapadmanabhan,Chase,2019,True,260,13,129,131,8,5,0
1175372,2019,Bengaluru,2019-04-05,League,AD Russell,M.Chinnaswamy Stadium,Royal Challengers Bangalore,Kolkata Knight Riders,Kolkata Knight Riders,field,Kolkata Knight Riders,wickets,5.0,206.0,20.0,N,Normal Match,AK Chaudhary,CB Gaffaney,Chase,2019,True,411,8,205,206,3,5,0
1178393,2019,Chennai,2019-04-06,League,Harbhajan Singh,MA Chidambaram Stadium,Chennai Super Kings,Kings XI Punjab,Chennai Super Kings,bat,Chennai Super Kings,runs,22.0,161.0,20.0,N,Normal Match,KN Ananthapadmanabhan,RJ Tucker,Defend,2019,True,298,8,160,138,3,5,1
1178394,2019,Hyderabad,2019-04-06,League,AS Joseph,Rajiv Gandhi International Stadium,Mumbai Indians,Sunrisers Hyderabad,Sunrisers Hyderabad,field,Mumbai Indians,runs,40.0,137.0,20.0,N,Normal Match,AY Dandekar,Nitin Menon,Defend,2019,False,232,17,136,96,7,10,0
1178395,2019,Bengaluru,2019-04-07,League,K Rabada,M.Chinnaswamy Stadium,Royal Challengers Bangalore,Delhi Capitals,Delhi Capitals,field,Delhi Capitals,wickets,4.0,150.0,20.0,N,Normal Match,S Ravi,YC Barde,Chase,2019,True,301,14,149,152,8,6,0
1178396,2019,Jaipur,2019-04-07,League,HF Gurney,Sawai Mansingh Stadium,Rajasthan Royals,Kolkata Knight Riders,Kolkata Knight Riders,field,Kolkata Knight Riders,wickets,8.0,140.0,20.0,N,Normal Match,AK Chaudhary,CB Gaffaney,Chase,2019,True,279,5,139,140,3,2,0
1178397,2019,Chandigarh,2019-04-08,League,KL Rahul,Punjab Cricket Association IS Bindra Stadium,Sunrisers Hyderabad,Kings XI Punjab,Kings XI Punjab,field,Kings XI Punjab,wickets,6.0,151.0,20.0,N,Normal Match,AY Dandekar,M Erasmus,Chase,2019,True,301,8,150,151,4,4,0
1178398,2019,Chennai,2019-04-09,League,DL Chahar,MA Chidambaram Stadium,Kolkata Knight Riders,Chennai Super Kings,Chennai Super Kings,field,Chennai Super Kings,wickets,7.0,109.0,20.0,N,Normal Match,C Shamshuddin,RJ Tucker,Chase,2019,True,219,12,108,111,9,3,0
1178399,2019,Mumbai,2019-04-10,League,KA Pollard,Wankhede Stadium,Kings XI Punjab,Mumbai Indians,Mumbai Indians,field,Mumbai Indians,wickets,3.0,198.0,20.0,N,Normal Match,S Ravi,YC Barde,Chase,2019,True,395,11,197,198,4,7,0
1178400,2019,Jaipur,2019-04-11,League,MS Dhoni,Sawai Mansingh Stadium,Rajasthan Royals,Chennai Super Kings,Chennai Super Kings,field,Chennai Super Kings,wickets,4.0,152.0,20.0,N,Normal Match,BNJ Oxenford,UV Gandhe,Chase,2019,True,306,13,151,155,7,6,0
1178401,2019,Kolkata,2019-04-12,League,S Dhawan,Eden Gardens,Kolkata Knight Riders,Delhi Capitals,Delhi Capitals,field,Delhi Capitals,wickets,7.0,179.0,20.0,N,Normal Match,CK Nandan,YC Barde,Chase,2019,True,358,10,178,180,7,3,0
1178402,2019,Mumbai,2019-04-13,League,JC Buttler,Wankhede Stadium,Mumbai Indians,Rajasthan Royals,Rajasthan Royals,field,Rajasthan Royals,wickets,4.0,188.0,20.0,N,Normal Match,A Nand Kishore,Nitin Menon,Chase,2019,True,375,11,187,188,5,6,0
1178403,2019,Chandigarh,2019-04-13,League,AB de Villiers,Punjab Cricket Association IS Bindra Stadium,Kings XI Punjab,Royal Challengers Bangalore,Royal Challengers Bangalore,field,Royal Challengers Bangalore,wickets,8.0,174.0,20.0,N,Normal Match,S Ravi,UV Gandhe,Chase,2019,True,347,6,173,174,4,2,0
1178404,2019,Kolkata,2019-04-14,League,Imran Tahir,Eden Gardens,Kolkata Knight Riders,Chennai Super Kings,Chennai Super Kings,field,Chennai Super Kings,wickets,5.0,162.0,20.0,N,Normal Match,CK Nandan,RJ Tucker,Chase,2019,True,323,13,161,162,8,5,0
1178405,2019,Hyderabad,2019-04-14,League,KMA Paul,Rajiv Gandhi International Stadium,Delhi Capitals,Sunrisers Hyderabad,Sunrisers Hyderabad,field,Delhi Capitals,runs,39.0,156.0,20.0,N,Normal Match,AK Chaudhary,BNJ Oxenford,Defend,2019,False,271,17,155,116,7,10,0
1178406,2019,Mumbai,2019-04-15,League,SL Malinga,Wankhede Stadium,Royal Challengers Bangalore,Mumbai Indians,Mumbai Indians,field,Mumbai Indians,wickets,5.0,172.0,20.0,N,Normal Match,M Erasmus,Nitin Menon,Chase,2019,True,343,12,171,172,7,5,0
1178407,2019,Chandigarh,2019-04-16,League,R Ashwin,Punjab Cricket Association IS Bindra Stadium,Kings XI Punjab,Rajasthan Royals,Rajasthan Royals,field,Kings XI Punjab,runs,12.0,183.0,20.0,N,Normal Match,AK Chaudhary,VA Kulkarni,Defend,2019,False,352,13,182,170,6,7,0
1178408,2019,Hyderabad,2019-04-17,League,DA Warner,Rajiv Gandhi International Stadium,Chennai Super Kings,Sunrisers Hyderabad,Chennai Super Kings,bat,Sunrisers Hyderabad,wickets,6.0,133.0,20.0,N,Normal Match,IJ Gould,UV Gandhe,Chase,2019,False,269,9,132,137,5,4,1
1178409,2019,Delhi,2019-04-18,League,HH Pandya,Arun Jaitley Stadium,Mumbai Indians,Delhi Capitals,Mumbai Indians,bat,Mumbai Indians,runs,40.0,169.0,20.0,N,Normal Match,BNJ Oxenford,NJ Llong,Defend,2019,True,296,14,168,128,5,9,1
1178410,2019,Kolkata,2019-04-19,League,V Kohli,Eden Gardens,Royal Challengers Bangalore,Kolkata Knight Riders,Kolkata Knight Riders,field,Royal Challengers Bangalore,runs,10.0,214.0,20.0,N,Normal Match,IJ Gould,Nitin Menon,Defend,2019,False,416,9,213,203,4,5,0
1178411,2019,Jaipur,2019-04-20,League,SPD Smith,Sawai Mansingh Stadium,Mumbai Indians,Rajasthan Royals,Rajasthan Royals,field,Rajasthan Royals,wickets,5.0,162.0,20.0,N,Normal Match,S Ravi,YC Barde,Chase,2019,True,323,10,161,162,5,5,0
1178412,2019,Delhi,2019-04-20,League,SS Iyer,Arun Jaitley Stadium,Kings XI Punjab,Delhi Capitals,Delhi Capitals,field,Delhi Capitals,wickets,5.0,164.0,20.0,N,Normal Match,C Shamshuddin,UV Gandhe,Chase,2019,True,329,12,163,166,7,5,0
1178413,2019,Hyderabad,2019-04-21,League,KK Ahmed,Rajiv Gandhi International Stadium,Kolkata Knight Riders,Sunrisers Hyderabad,Sunrisers Hyderabad,field,Sunrisers Hyderabad,wickets,9.0,160.0,20.0,N,Normal Match,NJ Llong,Nitin Menon,Chase,2019,True,320,9,159,161,8,1,0
1178414,2019,Bengaluru,2019-04-21,League,PA Patel,M.Chinnaswamy Stadium,Royal Challengers Bangalore,Chennai Super Kings,Chennai Super Kings,field,Royal Challengers Bangalore,runs,1.0,162.0,20.0,N,Normal Match,RJ Tucker,VA Kulkarni,Defend,2019,False,321,15,161,160,7,8,0
1178415,2019,Jaipur,2019-04-22,League,RR Pant,Sawai Mansingh Stadium,Rajasthan Royals,Delhi Capitals,Delhi Capitals,field,Delhi Capitals,wickets,6.0,192.0,20.0,N,Normal Match,A Nand Kishore,S Ravi,Chase,2019,True,384,10,191,193,6,4,0
1178416,2019,Chennai,2019-04-23,League,SR Watson,MA Chidambaram Stadium,Sunrisers Hyderabad,Chennai Super Kings,Chennai Super Kings,field,Chennai Super Kings,wickets,6.0,176.0,20.0,N,Normal Match,AK Chaudhary,NJ Llong,Chase,2019,True,351,7,175,176,3,4,0
1178417,2019,Bengaluru,2019-04-24,League,AB de Villiers,M.Chinnaswamy Stadium,Royal Challengers Bangalore,Kings XI Punjab,Kings XI Punjab,field,Royal Challengers Bangalore,runs,17.0,203.0,20.0,N,Normal Match,BNJ Oxenford,C Shamshuddin,Defend,2019,False,387,11,202,185,4,7,0
1178418,2019,Kolkata,2019-04-25,League,VR Aaron,Eden Gardens,Kolkata Knight Riders,Rajasthan Royals,Rajasthan Royals,field,Rajasthan Royals,wickets,3.0,176.0,20.0,N,Normal Match,AY Dandekar,IJ Gould,Chase,2019,True,352,13,175,177,6,7,0
1178419,2019,Chennai,2019-04-26,League,RG Sharma,MA Chidambaram Stadium,Mumbai Indians,Chennai Super Kings,Chennai Super Kings,field,Mumbai Indians,runs,46.0,156.0,20.0,N,Normal Match,AK Chaudhary,NJ Llong,Defend,2019,False,264,14,155,109,4,10,0
1178420,2019,Jaipur,2019-04-27,League,JD Unadkat,Sawai Mansingh Stadium,Sunrisers Hyderabad,Rajasthan Royals,Rajasthan Royals,field,Rajasthan Royals,wickets,7.0,161.0,20.0,N,Normal Match,A Nand Kishore,YC Barde,Chase,2019,True,321,11,160,161,8,3,0
1178421,2019,Delhi,2019-04-28,League,S Dhawan,Arun Jaitley Stadium,Delhi Capitals,Royal Challengers Bangalore,Delhi Capitals,bat,Delhi Capitals,runs,16.0,188.0,20.0,N,Normal Match,BNJ Oxenford,KN Ananthapadmanabhan,Defend,2019,True,358,12,187,171,5,7,1
1178422,2019,Kolkata,2019-04-28,League,AD Russell,Eden Gardens,Kolkata Knight Riders,Mumbai Indians,Mumbai Indians,field,Kolkata Knight Riders,runs,34.0,233.0,20.0,N,Normal Match,IJ Gould,Nitin Menon,Defend,2019,False,430,9,232,198,2,7,0
1178423,2019,Hyderabad,2019-04-29,League,DA Warner,Rajiv Gandhi International Stadium,Sunrisers Hyderabad,Kings XI Punjab,Kings XI Punjab,field,Sunrisers Hyderabad,runs,45.0,213.0,20.0,N,Normal Match,CK Nandan,S Ravi,Defend,2019,False,379,14,212,167,6,8,0
1178424,2019,Bengaluru,2019-04-30,League,Unknown,M.Chinnaswamy Stadium,Royal Challengers Bangalore,Rajasthan Royals,Rajasthan Royals,field,No Result,no result,No Result,63.0,5.0,N,Normal Match,NJ Llong,UV Gandhe,No Result,2019,False,103,8,62,41,7,1,0
1178425,2019,Chennai,2019-05-01,League,MS Dhoni,MA Chidambaram Stadium,Chennai Super Kings,Delhi Capitals,Delhi Capitals,field,Chennai Super Kings,runs,80.0,180.0,20.0,N,Normal Match,AY Dandekar,Nitin Menon,Defend,2019,False,278,14,179,99,4,10,0
1178426,2019,Mumbai,2019-05-02,League,JJ Bumrah,Wankhede Stadium,Mumbai Indians,Sunrisers Hyderabad,Mumbai Indians,bat,Mumbai Indians,tie,No Result,163.0,20.0,Y,Normal Match,CK Nandan,S Ravi,No Result,2019,True,341,13,162,162,5,6,1
1178427,2019,Chandigarh,2019-05-03,League,Shubman Gill,Punjab Cricket Association IS Bindra Stadium,Kings XI Punjab,Kolkata Knight Riders,Kolkata Knight Riders,field,Kolkata Knight Riders,wickets,7.0,184.0,20.0,N,Normal Match,BNJ Oxenford,C Shamshuddin,Chase,2019,True,368,9,183,185,6,3,0
1178428,2019,Delhi,2019-05-04,League,A Mishra,Arun Jaitley Stadium,Rajasthan Royals,Delhi Capitals,Rajasthan Royals,bat,Delhi Capitals,wickets,5.0,116.0,20.0,N,Normal Match,AY Dandekar,IJ Gould,Chase,2019,False,236,14,115,121,9,5,1
1178429,2019,Bengaluru,2019-05-04,League,SO Hetmyer,M.Chinnaswamy Stadium,Sunrisers Hyderabad,Royal Challengers Bangalore,Royal Challengers Bangalore,field,Royal Challengers Bangalore,wickets,4.0,176.0,20.0,N,Normal Match,AK Chaudhary,NJ Llong,Chase,2019,True,353,13,175,178,7,6,0
1178430,2019,Chandigarh,2019-05-05,League,KL Rahul,Punjab Cricket Association IS Bindra Stadium,Chennai Super Kings,Kings XI Punjab,Kings XI Punjab,field,Kings XI Punjab,wickets,6.0,171.0,20.0,N,Normal Match,C Shamshuddin,KN Ananthapadmanabhan,Chase,2019,True,343,9,170,173,5,4,0
1178431,2019,Mumbai,2019-05-05,League,HH Pandya,Wankhede Stadium,Kolkata Knight Riders,Mumbai Indians,Mumbai Indians,field,Mumbai Indians,wickets,9.0,134.0,20.0,N,Normal Match,A Nand Kishore,CK Nandan,Chase,2019,True,267,8,133,134,7,1,0
1181764,2019,Chennai,2019-05-07,Qualifier 1,SA Yadav,MA Chidambaram Stadium,Chennai Super Kings,Mumbai Indians,Chennai Super Kings,bat,Mumbai Indians,wickets,6.0,132.0,20.0,N,Normal Match,NJ Llong,Nitin Menon,Chase,2019,False,263,8,131,132,4,4,1
1181766,2019,Visakhapatnam,2019-05-08,Eliminator,RR Pant,Dr. Y.S. Rajasekhara Reddy ACA-VDCA Cricket Stadium,Sunrisers Hyderabad,Delhi Capitals,Delhi Capitals,field,Delhi Capitals,wickets,2.0,163.0,20.0,N,Normal Match,BNJ Oxenford,S Ravi,Chase,2019,True,327,16,162,165,8,8,0
1181767,2019,Visakhapatnam,2019-05-10,Qualifier 2,F du Plessis,Dr. Y.S. Rajasekhara Reddy ACA-VDCA Cricket Stadium,Delhi Capitals,Chennai Super Kings,Chennai Super Kings,field,Chennai Super Kings,wickets,6.0,148.0,20.0,N,Normal Match,BNJ Oxenford,S Ravi,Chase,2019,True,298,13,147,151,9,4,0
1181768,2019,Hyderabad,2019-05-12,Final,JJ Bumrah,Rajiv Gandhi International Stadium,Mumbai Indians,Chennai Super Kings,Mumbai Indians,bat,Mumbai Indians,runs,1.0,150.0,20.0,N,Normal Match,IJ Gould,Nitin Menon,Defend,2019,True,297,15,149,148,8,7,1
1216492,2020/21,Abu Dhabi,2020-09-19,League,AT Rayudu,Sheikh Zayed Stadium,Mumbai Indians,Chennai Super Kings,Chennai Super Kings,field,Chennai Super Kings,wickets,5.0,163.0,20.0,N,Normal Match,CB Gaffaney,VK Sharma,Chase,2020,True,328,14,162,166,9,5,0
1216493,2020/21,Unknown,2020-09-20,League,MP Stoinis,Dubai International Cricket Stadium,Delhi Capitals,Kings XI Punjab,Kings XI Punjab,field,Delhi Capitals,tie,No Result,158.0,20.0,Y,Normal Match,AK Chaudhary,Nitin Menon,No Result,2020,False,319,18,157,157,8,8,0
1216534,2020/21,Unknown,2020-09-21,League,YS Chahal,Dubai International Cricket Stadium,Royal Challengers Bangalore,Sunrisers Hyderabad,Sunrisers Hyderabad,field,Royal Challengers Bangalore,runs,10.0,164.0,20.0,N,Normal Match,AY Dandekar,Nitin Menon,Defend,2020,False,316,15,163,153,5,10,0
1216496,2020/21,Unknown,2020-09-22,League,SV Samson,Sharjah Cricket Stadium,Rajasthan Royals,Chennai Super Kings,Chennai Super Kings,field,Rajasthan Royals,runs,16.0,217.0,20.0,N,Normal Match,C Shamshuddin,VA Kulkarni,Defend,2020,False,416,13,216,200,7,6,0
1216508,2020/21,Abu Dhabi,2020-09-23,League,RG Sharma,Sheikh Zayed Stadium,Mumbai Indians,Kolkata Knight Riders,Kolkata Knight Riders,field,Mumbai Indians,runs,49.0,196.0,20.0,N,Normal Match,CB Gaffaney,S Ravi,Defend,2020,False,341,14,195,146,5,9,0
1216510,2020/21,Unknown,2020-09-24,League,KL Rahul,Dubai International Cricket Stadium,Kings XI Punjab,Royal Challengers Bangalore,Royal Challengers Bangalore,field,Kings XI Punjab,runs,97.0,207.0,20.0,N,Normal Match,AK Chaudhary,PR Reiffel,Defend,2020,False,315,13,206,109,3,10,0
1216539,2020/21,Unknown,2020-09-25,League,PP Shaw,Dubai International Cricket Stadium,Delhi Capitals,Chennai Super Kings,Chennai Super Kings,field,Delhi Capitals,runs,44.0,176.0,20.0,N,Normal Match,KN Ananthapadmanabhan,RK Illingworth,Defend,2020,False,306,10,175,131,3,7,0
1216545,2020/21,Abu Dhabi,2020-09-26,League,Shubman Gill,Sheikh Zayed Stadium,Sunrisers Hyderabad,Kolkata Knight Riders,Sunrisers Hyderabad,bat,Kolkata Knight Riders,wickets,7.0,143.0,20.0,N,Normal Match,CB Gaffaney,VK Sharma,Chase,2020,False,287,7,142,145,4,3,1
1216527,2020/21,Unknown,2020-09-27,League,SV Samson,Sharjah Cricket Stadium,Kings XI Punjab,Rajasthan Royals,Rajasthan Royals,field,Rajasthan Royals,wickets,4.0,224.0,20.0,N,Normal Match,RK Illingworth,K Srinivasan,Chase,2020,True,449,8,223,226,2,6,0
1216547,2020/21,Unknown,2020-09-28,League,AB de Villiers,Dubai International Cricket Stadium,Royal Challengers Bangalore,Mumbai Indians,Mumbai Indians,field,Royal Challengers Bangalore,tie,No Result,202.0,20.0,Y,Normal Match,Nitin Menon,PR Reiffel,No Result,2020,False,420,9,201,201,3,5,0
1216532,2020/21,Abu Dhabi,2020-09-29,League,Rashid Khan,Sheikh Zayed Stadium,Sunrisers Hyderabad,Delhi Capitals,Delhi Capitals,field,Sunrisers Hyderabad,runs,15.0,163.0,20.0,N,Normal Match,VK Sharma,S Ravi,Defend,2020,False,309,11,162,147,4,7,0
1216504,2020/21,Unknown,2020-09-30,League,Shivam Mavi,Dubai International Cricket Stadium,Kolkata Knight Riders,Rajasthan Royals,Rajasthan Royals,field,Kolkata Knight Riders,runs,37.0,175.0,20.0,N,Normal Match,KN Ananthapadmanabhan,C Shamshuddin,Defend,2020,False,311,15,174,137,6,9,0
1216503,2020/21,Abu Dhabi,2020-10-01,League,KA Pollard,Sheikh Zayed Stadium,Mumbai Indians,Kings XI Punjab,Kings XI Punjab,field,Mumbai Indians,runs,48.0,192.0,20.0,N,Normal Match,VK Sharma,S Ravi,Defend,2020,False,334,12,191,143,4,8,0
1216516,2020/21,Unknown,2020-10-02,League,PK Garg,Dubai International Cricket Stadium,Sunrisers Hyderabad,Chennai Super Kings,Sunrisers Hyderabad,bat,Sunrisers Hyderabad,runs,7.0,165.0,20.0,N,Normal Match,AK Chaudhary,PR Reiffel,Defend,2020,True,321,10,164,157,5,5,1
1216514,2020/21,Abu Dhabi,2020-10-03,League,YS Chahal,Sheikh Zayed Stadium,Rajasthan Royals,Royal Challengers Bangalore,Rajasthan Royals,bat,Royal Challengers Bangalore,wickets,8.0,155.0,20.0,N,Normal Match,CB Gaffaney,S Ravi,Chase,2020,False,312,8,154,158,6,2,1
1216515,2020/21,Unknown,2020-10-03,League,SS Iyer,Sharjah Cricket Stadium,Delhi Capitals,Kolkata Knight Riders,Kolkata Knight Riders,field,Delhi Capitals,runs,18.0,229.0,20.0,N,Normal Match,VA Kulkarni,RK Illingworth,Defend,2020,False,438,12,228,210,4,8,0
1216513,2020/21,Unknown,2020-10-04,League,SR Watson,Dubai International Cricket Stadium,Kings XI Punjab,Chennai Super Kings,Kings XI Punjab,bat,Chennai Super Kings,wickets,10.0,179.0,20.0,N,Normal Match,AY Dandekar,Nitin Menon,Chase,2020,False,359,4,178,181,4,0,1
1216538,2020/21,Unknown,2020-10-04,League,TA Boult,Sharjah Cricket Stadium,Mumbai Indians,Sunrisers Hyderabad,Mumbai Indians,bat,Mumbai Indians,runs,34.0,209.0,20.0,N,Normal Match,KN Ananthapadmanabhan,RK Illingworth,Defend,2020,True,382,12,208,174,5,7,1
1216519,2020/21,Unknown,2020-10-05,League,AR Patel,Dubai International Cricket Stadium,Delhi Capitals,Royal Challengers Bangalore,Royal Challengers Bangalore,field,Delhi Capitals,runs,59.0,197.0,20.0,N,Normal Match,Nitin Menon,YC Barde,Defend,2020,False,333,13,196,137,4,9,0
1216511,2020/21,Abu Dhabi,2020-10-06,League,SA Yadav,Sheikh Zayed Stadium,Mumbai Indians,Rajasthan Royals,Mumbai Indians,bat,Mumbai Indians,runs,57.0,194.0,20.0,N,Normal Match,VK Sharma,S Ravi,Defend,2020,True,329,14,193,136,4,10,1
1216501,2020/21,Abu Dhabi,2020-10-07,League,RA Tripathi,Sheikh Zayed Stadium,Kolkata Knight Riders,Chennai Super Kings,Kolkata Knight Riders,bat,Kolkata Knight Riders,runs,10.0,168.0,20.0,N,Normal Match,KN Ananthapadmanabhan,RK Illingworth,Defend,2020,True,324,15,167,157,10,5,1
1216542,2020/21,Unknown,2020-10-08,League,JM Bairstow,Dubai International Cricket Stadium,Sunrisers Hyderabad,Kings XI Punjab,Sunrisers Hyderabad,bat,Sunrisers Hyderabad,runs,69.0,202.0,20.0,N,Normal Match,AK Chaudhary,Nitin Menon,Defend,2020,True,333,16,201,132,6,10,1
1216500,2020/21,Unknown,2020-10-09,League,R Ashwin,Sharjah Cricket Stadium,Delhi Capitals,Rajasthan Royals,Rajasthan Royals,field,Delhi Capitals,runs,46.0,185.0,20.0,N,Normal Match,KN Ananthapadmanabhan,C Shamshuddin,Defend,2020,False,322,18,184,138,8,10,0
1216523,2020/21,Abu Dhabi,2020-10-10,League,KD Karthik,Sheikh Zayed Stadium,Kolkata Knight Riders,Kings XI Punjab,Kolkata Knight Riders,bat,Kolkata Knight Riders,runs,2.0,165.0,20.0,N,Normal Match,UV Gandhe,CB Gaffaney,Defend,2020,True,326,11,164,162,6,5,1
1216525,2020/21,Unknown,2020-10-10,League,V Kohli,Dubai International Cricket Stadium,Royal Challengers Bangalore,Chennai Super Kings,Royal Challengers Bangalore,bat,Royal Challengers Bangalore,runs,37.0,170.0,20.0,N,Normal Match,AK Chaudhary,PR Reiffel,Defend,2020,True,301,12,169,132,4,8,1
1216507,2020/21,Unknown,2020-10-11,League,R Tewatia,Dubai International Cricket Stadium,Sunrisers Hyderabad,Rajasthan Royals,Sunrisers Hyderabad,bat,Rajasthan Royals,wickets,5.0,159.0,20.0,N,Normal Match,YC Barde,PR Reiffel,Chase,2020,False,321,9,158,163,4,5,1
1216529,2020/21,Abu Dhabi,2020-10-11,League,Q de Kock,Sheikh Zayed Stadium,Delhi Capitals,Mumbai Indians,Delhi Capitals,bat,Mumbai Indians,wickets,5.0,163.0,20.0,N,Normal Match,CB Gaffaney,S Ravi,Chase,2020,False,328,9,162,166,4,5,1
1216540,2020/21,Unknown,2020-10-12,League,AB de Villiers,Sharjah Cricket Stadium,Royal Challengers Bangalore,Kolkata Knight Riders,Royal Challengers Bangalore,bat,Royal Challengers Bangalore,runs,82.0,195.0,20.0,N,Normal Match,RK Illingworth,K Srinivasan,Defend,2020,True,306,11,194,112,2,9,1
1216528,2020/21,Unknown,2020-10-13,League,RA Jadeja,Dubai International Cricket Stadium,Chennai Super Kings,Sunrisers Hyderabad,Chennai Super Kings,bat,Chennai Super Kings,runs,20.0,168.0,20.0,N,Normal Match,AK Chaudhary,PR Reiffel,Defend,2020,True,314,14,167,147,6,8,1
1216543,2020/21,Unknown,2020-10-14,League,A Nortje,Dubai International Cricket Stadium,Delhi Capitals,Rajasthan Royals,Delhi Capitals,bat,Delhi Capitals,runs,13.0,162.0,20.0,N,Normal Match,AK Chaudhary,Nitin Menon,Defend,2020,True,309,15,161,148,7,8,1
1216531,2020/21,Unknown,2020-10-15,League,KL Rahul,Sharjah Cricket Stadium,Royal Challengers Bangalore,Kings XI Punjab,Royal Challengers Bangalore,bat,Kings XI Punjab,wickets,8.0,172.0,20.0,N,Normal Match,KN Ananthapadmanabhan,C Shamshuddin,Chase,2020,False,348,8,171,177,6,2,1
1216526,2020/21,Abu Dhabi,2020-10-16,League,Q de Kock,Sheikh Zayed Stadium,Kolkata Knight Riders,Mumbai Indians,Kolkata Knight Riders,bat,Mumbai Indians,wickets,8.0,149.0,20.0,N,Normal Match,CB Gaffaney,VK Sharma,Chase,2020,False,297,7,148,149,5,2,1
1216509,2020/21,Unknown,2020-10-17,League,S Dhawan,Sharjah Cricket Stadium,Chennai Super Kings,Delhi Capitals,Chennai Super Kings,bat,Delhi Capitals,wickets,5.0,180.0,20.0,N,Normal Match,KN Ananthapadmanabhan,RK Illingworth,Chase,2020,False,364,9,179,185,4,5,1
1216522,2020/21,Unknown,2020-10-17,League,AB de Villiers,Dubai International Cricket Stadium,Rajasthan Royals,Royal Challengers Bangalore,Rajasthan Royals,bat,Royal Challengers Bangalore,wickets,7.0,178.0,20.0,N,Normal Match,AK Chaudhary,Nitin Menon,Chase,2020,False,356,9,177,179,6,3,1
1216512,2020/21,Abu Dhabi,2020-10-18,League,LH Ferguson,Sheikh Zayed Stadium,Kolkata Knight Riders,Sunrisers Hyderabad,Sunrisers Hyderabad,field,Kolkata Knight Riders,tie,No Result,164.0,20.0,Y,Normal Match,PG Pathak,S Ravi,No Result,2020,False,331,13,163,163,5,6,0
1216517,2020/21,Unknown,2020-10-18,League,KL Rahul,Dubai International Cricket Stadium,Mumbai Indians,Kings XI Punjab,Mumbai Indians,bat,Kings XI Punjab,tie,No Result,177.0,20.0,Y,Normal Match,Nitin Menon,PR Reiffel,No Result,2020,False,388,16,176,176,6,6,1
1216533,2020/21,Abu Dhabi,2020-10-19,League,JC Buttler,Sheikh Zayed Stadium,Chennai Super Kings,Rajasthan Royals,Chennai Super Kings,bat,Rajasthan Royals,wickets,7.0,126.0,20.0,N,Normal Match,CB Gaffaney,VK Sharma,Chase,2020,False,251,8,125,126,5,3,1
1216546,2020/21,Unknown,2020-10-20,League,S Dhawan,Dubai International Cricket Stadium,Delhi Capitals,Kings XI Punjab,Delhi Capitals,bat,Kings XI Punjab,wickets,5.0,165.0,20.0,N,Normal Match,C Shamshuddin,RK Illingworth,Chase,2020,False,331,10,164,167,5,5,1
1216494,2020/21,Abu Dhabi,2020-10-21,League,Mohammed Siraj,Sheikh Zayed Stadium,Kolkata Knight Riders,Royal Challengers Bangalore,Kolkata Knight Riders,bat,Royal Challengers Bangalore,wickets,8.0,85.0,20.0,N,Normal Match,VK Sharma,S Ravi,Chase,2020,False,169,10,84,85,8,2,1
1216518,2020/21,Unknown,2020-10-22,League,MK Pandey,Dubai International Cricket Stadium,Rajasthan Royals,Sunrisers Hyderabad,Sunrisers Hyderabad,field,Sunrisers Hyderabad,wickets,8.0,155.0,20.0,N,Normal Match,Nitin Menon,PR Reiffel,Chase,2020,True,310,8,154,156,6,2,0
1216521,2020/21,Unknown,2020-10-23,League,TA Boult,Sharjah Cricket Stadium,Chennai Super Kings,Mumbai Indians,Mumbai Indians,field,Mumbai Indians,wickets,10.0,115.0,20.0,N,Normal Match,C Shamshuddin,VA Kulkarni,Chase,2020,True,230,9,114,116,9,0,0
1216497,2020/21,Abu Dhabi,2020-10-24,League,CV Varun,Sheikh Zayed Stadium,Kolkata Knight Riders,Delhi Capitals,Delhi Capitals,field,Kolkata Knight Riders,runs,59.0,195.0,20.0,N,Normal Match,CB Gaffaney,PG Pathak,Defend,2020,False,329,15,194,135,6,9,0
1216498,2020/21,Unknown,2020-10-24,League,CJ Jordan,Dubai International Cricket Stadium,Kings XI Punjab,Sunrisers Hyderabad,Sunrisers Hyderabad,field,Kings XI Punjab,runs,12.0,127.0,20.0,N,Normal Match,AY Dandekar,PR Reiffel,Defend,2020,False,240,17,126,114,7,10,0
1216541,2020/21,Abu Dhabi,2020-10-25,League,BA Stokes,Sheikh Zayed Stadium,Mumbai Indians,Rajasthan Royals,Mumbai Indians,bat,Rajasthan Royals,wickets,8.0,196.0,20.0,N,Normal Match,UV Gandhe,VK Sharma,Chase,2020,False,391,7,195,196,5,2,1
1216544,2020/21,Unknown,2020-10-25,League,RD Gaikwad,Dubai International Cricket Stadium,Royal Challengers Bangalore,Chennai Super Kings,Royal Challengers Bangalore,bat,Chennai Super Kings,wickets,8.0,146.0,20.0,N,Normal Match,C Shamshuddin,RK Illingworth,Chase,2020,False,295,8,145,150,6,2,1
1216520,2020/21,Unknown,2020-10-26,League,CH Gayle,Sharjah Cricket Stadium,Kolkata Knight Riders,Kings XI Punjab,Kings XI Punjab,field,Kings XI Punjab,wickets,8.0,150.0,20.0,N,Normal Match,KN Ananthapadmanabhan,RK Illingworth,Chase,2020,True,299,11,149,150,9,2,0
1216524,2020/21,Unknown,2020-10-27,League,WP Saha,Dubai International Cricket Stadium,Sunrisers Hyderabad,Delhi Capitals,Delhi Capitals,field,Sunrisers Hyderabad,runs,88.0,220.0,20.0,N,Normal Match,AK Chaudhary,Nitin Menon,Defend,2020,False,350,12,219,131,2,10,0
1216499,2020/21,Abu Dhabi,2020-10-28,League,SA Yadav,Sheikh Zayed Stadium,Royal Challengers Bangalore,Mumbai Indians,Mumbai Indians,field,Mumbai Indians,wickets,5.0,165.0,20.0,N,Normal Match,UV Gandhe,CB Gaffaney,Chase,2020,True,330,11,164,166,6,5,0
1216536,2020/21,Unknown,2020-10-29,League,RD Gaikwad,Dubai International Cricket Stadium,Kolkata Knight Riders,Chennai Super Kings,Chennai Super Kings,field,Chennai Super Kings,wickets,6.0,173.0,20.0,N,Normal Match,C Shamshuddin,RK Illingworth,Chase,2020,True,350,9,172,178,5,4,0
1216537,2020/21,Abu Dhabi,2020-10-30,League,BA Stokes,Sheikh Zayed Stadium,Kings XI Punjab,Rajasthan Royals,Rajasthan Royals,field,Rajasthan Royals,wickets,7.0,186.0,20.0,N,Normal Match,CB Gaffaney,S Ravi,Chase,2020,True,371,7,185,186,4,3,0
1216502,2020/21,Unknown,2020-10-31,League,Sandeep Sharma,Sharjah Cricket Stadium,Royal Challengers Bangalore,Sunrisers Hyderabad,Sunrisers Hyderabad,field,Sunrisers Hyderabad,wickets,5.0,121.0,20.0,N,Normal Match,KN Ananthapadmanabhan,K Srinivasan,Chase,2020,True,241,12,120,121,7,5,0
1216535,2020/21,Unknown,2020-10-31,League,Ishan Kishan,Dubai International Cricket Stadium,Delhi Capitals,Mumbai Indians,Mumbai Indians,field,Mumbai Indians,wickets,9.0,111.0,20.0,N,Normal Match,YC Barde,PR Reiffel,Chase,2020,True,221,10,110,111,9,1,0
1216506,2020/21,Abu Dhabi,2020-11-01,League,RD Gaikwad,Sheikh Zayed Stadium,Kings XI Punjab,Chennai Super Kings,Chennai Super Kings,field,Chennai Super Kings,wickets,9.0,154.0,20.0,N,Normal Match,PG Pathak,VK Sharma,Chase,2020,True,307,7,153,154,6,1,0
1216530,2020/21,Unknown,2020-11-01,League,PJ Cummins,Dubai International Cricket Stadium,Kolkata Knight Riders,Rajasthan Royals,Rajasthan Royals,field,Kolkata Knight Riders,runs,60.0,192.0,20.0,N,Normal Match,Nitin Menon,PR Reiffel,Defend,2020,False,322,16,191,131,7,9,0
1216505,2020/21,Abu Dhabi,2020-11-02,League,A Nortje,Sheikh Zayed Stadium,Royal Challengers Bangalore,Delhi Capitals,Delhi Capitals,field,Delhi Capitals,wickets,6.0,153.0,20.0,N,Normal Match,CB Gaffaney,S Ravi,Chase,2020,True,306,11,152,154,7,4,0
1216495,2020/21,Unknown,2020-11-03,League,S Nadeem,Sharjah Cricket Stadium,Mumbai Indians,Sunrisers Hyderabad,Sunrisers Hyderabad,field,Sunrisers Hyderabad,wickets,10.0,150.0,20.0,N,Normal Match,C Shamshuddin,RK Illingworth,Chase,2020,True,300,8,149,151,8,0,0
1237177,2020/21,Unknown,2020-11-05,Qualifier 1,JJ Bumrah,Dubai International Cricket Stadium,Mumbai Indians,Delhi Capitals,Delhi Capitals,field,Mumbai Indians,runs,57.0,201.0,20.0,N,Normal Match,CB Gaffaney,Nitin Menon,Defend,2020,False,343,13,200,143,5,8,0
1237178,2020/21,Abu Dhabi,2020-11-06,Eliminator,KS Williamson,Sheikh Zayed Stadium,Royal Challengers Bangalore,Sunrisers Hyderabad,Sunrisers Hyderabad,field,Sunrisers Hyderabad,wickets,6.0,132.0,20.0,N,Normal Match,PR Reiffel,S Ravi,Chase,2020,True,263,11,131,132,7,4,0
1237180,2020/21,Abu Dhabi,2020-11-08,Qualifier 2,MP Stoinis,Sheikh Zayed Stadium,Delhi Capitals,Sunrisers Hyderabad,Delhi Capitals,bat,Delhi Capitals,runs,17.0,190.0,20.0,N,Normal Match,PR Reiffel,S Ravi,Defend,2020,True,361,11,189,172,3,8,1
1237181,2020/21,Unknown,2020-11-10,Final,TA Boult,Dubai International Cricket Stadium,Delhi Capitals,Mumbai Indians,Delhi Capitals,bat,Mumbai Indians,wickets,5.0,157.0,20.0,N,Normal Match,CB Gaffaney,Nitin Menon,Chase,2020,False,313,12,156,157,7,5,1
1254058,2021,Chennai,2021-04-09,League,HV Patel,"MA Chidambaram Stadium, Chepauk, Chennai",Mumbai Indians,Royal Challengers Bangalore,Royal Challengers Bangalore,field,Royal Challengers Bangalore,wickets,2.0,160.0,20.0,N,Normal Match,KN Ananthapadmanabhan,Nitin Menon,Chase,2021,True,319,17,159,160,9,8,0
1254059,2021,Mumbai,2021-04-10,League,S Dhawan,"Wankhede Stadium, Mumbai",Chennai Super Kings,Delhi Capitals,Delhi Capitals,field,Delhi Capitals,wickets,7.0,189.0,20.0,N,Normal Match,AK Chaudhary,VK Sharma,Chase,2021,True,378,10,188,190,7,3,0
1254060,2021,Chennai,2021-04-11,League,N Rana,"MA Chidambaram Stadium, Chepauk, Chennai",Kolkata Knight Riders,Sunrisers Hyderabad,Sunrisers Hyderabad,field,Kolkata Knight Riders,runs,10.0,188.0,20.0,N,Normal Match,KN Ananthapadmanabhan,Nitin Menon,Defend,2021,False,364,11,187,177,6,5,0
1254061,2021,Mumbai,2021-04-12,League,SV Samson,"Wankhede Stadium, Mumbai",Punjab Kings,Rajasthan Royals,Rajasthan Royals,field,Punjab Kings,runs,4.0,222.0,20.0,N,Normal Match,AK Chaudhary,S Ravi,Defend,2021,False,438,13,221,217,6,7,0
1254062,2021,Chennai,2021-04-13,League,RD Chahar,"MA Chidambaram Stadium, Chepauk, Chennai",Mumbai Indians,Kolkata Knight Riders,Kolkata Knight Riders,field,Mumbai Indians,runs,10.0,153.0,20.0,N,Normal Match,C Shamshuddin,CB Gaffaney,Defend,2021,False,294,17,152,142,10,7,0
1254063,2021,Chennai,2021-04-14,League,GJ Maxwell,"MA Chidambaram Stadium, Chepauk, Chennai",Royal Challengers Bangalore,Sunrisers Hyderabad,Sunrisers Hyderabad,field,Royal Challengers Bangalore,runs,6.0,150.0,20.0,N,Normal Match,Nitin Menon,UV Gandhe,Defend,2021,False,292,17,149,143,8,9,0
1254064,2021,Mumbai,2021-04-15,League,JD Unadkat,"Wankhede Stadium, Mumbai",Delhi Capitals,Rajasthan Royals,Rajasthan Royals,field,Rajasthan Royals,wickets,3.0,148.0,20.0,N,Normal Match,S Ravi,VK Sharma,Chase,2021,True,297,15,147,150,8,7,0
1254065,2021,Mumbai,2021-04-16,League,DL Chahar,"Wankhede Stadium, Mumbai",Punjab Kings,Chennai Super Kings,Chennai Super Kings,field,Chennai Super Kings,wickets,6.0,107.0,20.0,N,Normal Match,AK Chaudhary,AY Dandekar,Chase,2021,True,213,12,106,107,8,4,0
1254066,2021,Chennai,2021-04-17,League,KA Pollard,"MA Chidambaram Stadium, Chepauk, Chennai",Mumbai Indians,Sunrisers Hyderabad,Mumbai Indians,bat,Mumbai Indians,runs,13.0,151.0,20.0,N,Normal Match,CB Gaffaney,K Srinivasan,Defend,2021,True,287,15,150,137,5,10,1
1254067,2021,Chennai,2021-04-18,League,AB de Villiers,"MA Chidambaram Stadium, Chepauk, Chennai",Royal Challengers Bangalore,Kolkata Knight Riders,Royal Challengers Bangalore,bat,Royal Challengers Bangalore,runs,38.0,205.0,20.0,N,Normal Match,C Shamshuddin,Nitin Menon,Defend,2021,True,370,12,204,166,4,8,1
1254068,2021,Mumbai,2021-04-18,League,S Dhawan,"Wankhede Stadium, Mumbai",Punjab Kings,Delhi Capitals,Delhi Capitals,field,Delhi Capitals,wickets,6.0,196.0,20.0,N,Normal Match,AK Chaudhary,PR Reiffel,Chase,2021,True,393,8,195,198,4,4,0
1254069,2021,Mumbai,2021-04-19,League,MM Ali,"Wankhede Stadium, Mumbai",Chennai Super Kings,Rajasthan Royals,Rajasthan Royals,field,Chennai Super Kings,runs,45.0,189.0,20.0,N,Normal Match,PR Reiffel,VK Sharma,Defend,2021,False,331,18,188,143,9,9,0
1254070,2021,Chennai,2021-04-20,League,A Mishra,"MA Chidambaram Stadium, Chepauk, Chennai",Mumbai Indians,Delhi Capitals,Mumbai Indians,bat,Delhi Capitals,wickets,6.0,138.0,20.0,N,Normal Match,C Shamshuddin,CB Gaffaney,Chase,2021,False,275,13,137,138,9,4,1
1254071,2021,Chennai,2021-04-21,League,JM Bairstow,"MA Chidambaram Stadium, Chepauk, Chennai",Punjab Kings,Sunrisers Hyderabad,Punjab Kings,bat,Sunrisers Hyderabad,wickets,9.0,121.0,20.0,N,Normal Match,K Srinivasan,Nitin Menon,Chase,2021,False,241,11,120,121,10,1,1
1254072,2021,Mumbai,2021-04-21,League,F du Plessis,"Wankhede Stadium, Mumbai",Chennai Super Kings,Kolkata Knight Riders,Kolkata Knight Riders,field,Chennai Super Kings,runs,18.0,221.0,20.0,N,Normal Match,AY Dandekar,PR Reiffel,Defend,2021,False,422,13,220,202,3,10,0
1254073,2021,Mumbai,2021-04-22,League,D Padikkal,"Wankhede Stadium, Mumbai",Rajasthan Royals,Royal Challengers Bangalore,Royal Challengers Bangalore,field,Royal Challengers Bangalore,wickets,10.0,178.0,20.0,N,Normal Match,J Madanagopal,S Ravi,Chase,2021,True,358,9,177,181,9,0,0
1254074,2021,Chennai,2021-04-23,League,KL Rahul,"MA Chidambaram Stadium, Chepauk, Chennai",Mumbai Indians,Punjab Kings,Punjab Kings,field,Punjab Kings,wickets,9.0,132.0,20.0,N,Normal Match,C Shamshuddin,Nitin Menon,Chase,2021,True,263,7,131,132,6,1,0
1254075,2021,Mumbai,2021-04-24,League,CH Morris,"Wankhede Stadium, Mumbai",Kolkata Knight Riders,Rajasthan Royals,Rajasthan Royals,field,Rajasthan Royals,wickets,6.0,134.0,20.0,N,Normal Match,Navdeep Singh,S Ravi,Chase,2021,True,267,13,133,134,9,4,0
1254076,2021,Mumbai,2021-04-25,League,RA Jadeja,"Wankhede Stadium, Mumbai",Chennai Super Kings,Royal Challengers Bangalore,Chennai Super Kings,bat,Chennai Super Kings,runs,69.0,192.0,20.0,N,Normal Match,AK Chaudhary,VK Sharma,Defend,2021,True,313,13,191,122,4,9,1
1254077,2021,Chennai,2021-04-25,League,PP Shaw,"MA Chidambaram Stadium, Chepauk, Chennai",Delhi Capitals,Sunrisers Hyderabad,Delhi Capitals,bat,Delhi Capitals,tie,No Result,160.0,20.0,Y,Normal Match,CB Gaffaney,KN Ananthapadmanabhan,No Result,2021,True,333,11,159,159,4,7,1
1254078,2021,Ahmedabad,2021-04-26,League,EJG Morgan,"Narendra Modi Stadium, Ahmedabad",Punjab Kings,Kolkata Knight Riders,Kolkata Knight Riders,field,Kolkata Knight Riders,wickets,5.0,124.0,20.0,N,Normal Match,PR Reiffel,YC Barde,Chase,2021,True,249,14,123,126,9,5,0
1254079,2021,Ahmedabad,2021-04-27,League,AB de Villiers,"Narendra Modi Stadium, Ahmedabad",Royal Challengers Bangalore,Delhi Capitals,Delhi Capitals,field,Royal Challengers Bangalore,runs,1.0,172.0,20.0,N,Normal Match,S Ravi,VK Sharma,Defend,2021,False,341,9,171,170,5,4,0
1254080,2021,Delhi,2021-04-28,League,RD Gaikwad,"Arun Jaitley Stadium, Delhi",Sunrisers Hyderabad,Chennai Super Kings,Sunrisers Hyderabad,bat,Chennai Super Kings,wickets,7.0,172.0,20.0,N,Normal Match,C Shamshuddin,CK Nandan,Chase,2021,False,344,6,171,173,3,3,1
1254081,2021,Delhi,2021-04-29,League,Q de Kock,"Arun Jaitley Stadium, Delhi",Rajasthan Royals,Mumbai Indians,Mumbai Indians,field,Mumbai Indians,wickets,7.0,172.0,20.0,N,Normal Match,CB Gaffaney,KN Ananthapadmanabhan,Chase,2021,True,343,7,171,172,4,3,0
1254082,2021,Ahmedabad,2021-04-29,League,PP Shaw,"Narendra Modi Stadium, Ahmedabad",Kolkata Knight Riders,Delhi Capitals,Delhi Capitals,field,Delhi Capitals,wickets,7.0,155.0,20.0,N,Normal Match,AK Chaudhary,YC Barde,Chase,2021,True,310,9,154,156,6,3,0
1254083,2021,Ahmedabad,2021-04-30,League,Harpreet Brar,"Narendra Modi Stadium, Ahmedabad",Punjab Kings,Royal Challengers Bangalore,Royal Challengers Bangalore,field,Punjab Kings,runs,34.0,180.0,20.0,N,Normal Match,S Ravi,VK Sharma,Defend,2021,False,324,13,179,145,5,8,0
1254084,2021,Delhi,2021-05-01,League,KA Pollard,"Arun Jaitley Stadium, Delhi",Chennai Super Kings,Mumbai Indians,Mumbai Indians,field,Mumbai Indians,wickets,4.0,219.0,20.0,N,Normal Match,KN Ananthapadmanabhan,CK Nandan,Chase,2021,True,437,10,218,219,4,6,0
1254085,2021,Delhi,2021-05-02,League,JC Buttler,"Arun Jaitley Stadium, Delhi",Rajasthan Royals,Sunrisers Hyderabad,Sunrisers Hyderabad,field,Rajasthan Royals,runs,55.0,221.0,20.0,N,Normal Match,C Shamshuddin,CB Gaffaney,Defend,2021,False,385,11,220,165,3,8,0
1254086,2021,Ahmedabad,2021-05-02,League,MA Agarwal,"Narendra Modi Stadium, Ahmedabad",Punjab Kings,Delhi Capitals,Delhi Capitals,field,Delhi Capitals,wickets,7.0,167.0,20.0,N,Normal Match,AK Chaudhary,AY Dandekar,Chase,2021,True,333,9,166,167,6,3,0
1254104,2021,Dubai,2021-09-19,League,RD Gaikwad,Dubai International Cricket Stadium,Chennai Super Kings,Mumbai Indians,Chennai Super Kings,bat,Chennai Super Kings,runs,20.0,157.0,20.0,N,Normal Match,Nitin Menon,RK Illingworth,Defend,2021,True,292,15,156,136,7,8,1
1254087,2021,Abu Dhabi,2021-09-20,League,CV Varun,"Zayed Cricket Stadium, Abu Dhabi",Royal Challengers Bangalore,Kolkata Knight Riders,Royal Challengers Bangalore,bat,Kolkata Knight Riders,wickets,9.0,93.0,20.0,N,Normal Match,CB Gaffaney,S Ravi,Chase,2021,False,186,11,92,94,10,1,1
1254111,2021,Dubai,2021-09-21,League,Kartik Tyagi,Dubai International Cricket Stadium,Rajasthan Royals,Punjab Kings,Punjab Kings,field,Rajasthan Royals,runs,2.0,186.0,20.0,N,Normal Match,AK Chaudhary,MA Gough,Defend,2021,False,368,14,185,183,10,4,0
1254105,2021,Dubai,2021-09-22,League,A Nortje,Dubai International Cricket Stadium,Sunrisers Hyderabad,Delhi Capitals,Sunrisers Hyderabad,bat,Delhi Capitals,wickets,8.0,135.0,20.0,N,Normal Match,KN Ananthapadmanabhan,RK Illingworth,Chase,2021,False,273,11,134,139,9,2,1
1254096,2021,Abu Dhabi,2021-09-23,League,SP Narine,"Zayed Cricket Stadium, Abu Dhabi",Mumbai Indians,Kolkata Knight Riders,Kolkata Knight Riders,field,Kolkata Knight Riders,wickets,7.0,156.0,20.0,N,Normal Match,S Ravi,VK Sharma,Chase,2021,True,314,9,155,159,6,3,0
1254113,2021,Sharjah,2021-09-24,League,DJ Bravo,Sharjah Cricket Stadium,Royal Challengers Bangalore,Chennai Super Kings,Chennai Super Kings,field,Chennai Super Kings,wickets,6.0,157.0,20.0,N,Normal Match,AK Chaudhary,Nitin Menon,Chase,2021,True,313,10,156,157,6,4,0
1254097,2021,Abu Dhabi,2021-09-25,League,SS Iyer,"Zayed Cricket Stadium, Abu Dhabi",Delhi Capitals,Rajasthan Royals,Rajasthan Royals,field,Delhi Capitals,runs,33.0,155.0,20.0,N,Normal Match,CB Gaffaney,UV Gandhe,Defend,2021,False,275,12,154,121,6,6,0
1254107,2021,Sharjah,2021-09-25,League,JO Holder,Sharjah Cricket Stadium,Punjab Kings,Sunrisers Hyderabad,Sunrisers Hyderabad,field,Punjab Kings,runs,5.0,126.0,20.0,N,Normal Match,RK Illingworth,YC Barde,Defend,2021,False,245,14,125,120,7,7,0
1254098,2021,Abu Dhabi,2021-09-26,League,RA Jadeja,"Zayed Cricket Stadium, Abu Dhabi",Kolkata Knight Riders,Chennai Super Kings,Kolkata Knight Riders,bat,Chennai Super Kings,wickets,2.0,172.0,20.0,N,Normal Match,CB Gaffaney,Tapan Sharma,Chase,2021,False,343,14,171,172,6,8,1
1254108,2021,Dubai,2021-09-26,League,GJ Maxwell,Dubai International Cricket Stadium,Royal Challengers Bangalore,Mumbai Indians,Mumbai Indians,field,Royal Challengers Bangalore,runs,54.0,166.0,20.0,N,Normal Match,AK Chaudhary,MA Gough,Defend,2021,False,276,16,165,111,6,10,0
1254100,2021,Dubai,2021-09-27,League,JJ Roy,Dubai International Cricket Stadium,Rajasthan Royals,Sunrisers Hyderabad,Rajasthan Royals,bat,Sunrisers Hyderabad,wickets,7.0,165.0,20.0,N,Normal Match,KN Ananthapadmanabhan,Navdeep Singh,Chase,2021,False,331,8,164,167,5,3,1
1254092,2021,Sharjah,2021-09-28,League,SP Narine,Sharjah Cricket Stadium,Delhi Capitals,Kolkata Knight Riders,Kolkata Knight Riders,field,Kolkata Knight Riders,wickets,3.0,128.0,20.0,N,Normal Match,Nitin Menon,HAS Khalid,Chase,2021,True,257,16,127,130,9,7,0
1254099,2021,Abu Dhabi,2021-09-28,League,KA Pollard,"Zayed Cricket Stadium, Abu Dhabi",Punjab Kings,Mumbai Indians,Mumbai Indians,field,Mumbai Indians,wickets,6.0,136.0,20.0,N,Normal Match,S Ravi,VK Sharma,Chase,2021,True,272,10,135,137,6,4,0
1254103,2021,Dubai,2021-09-29,League,YS Chahal,Dubai International Cricket Stadium,Rajasthan Royals,Royal Challengers Bangalore,Royal Challengers Bangalore,field,Royal Challengers Bangalore,wickets,7.0,150.0,20.0,N,Normal Match,AY Dandekar,KN Ananthapadmanabhan,Chase,2021,True,302,12,149,153,9,3,0
1254091,2021,Sharjah,2021-09-30,League,JR Hazlewood,Sharjah Cricket Stadium,Sunrisers Hyderabad,Chennai Super Kings,Chennai Super Kings,field,Chennai Super Kings,wickets,6.0,135.0,20.0,N,Normal Match,Nitin Menon,YC Barde,Chase,2021,True,273,11,134,139,7,4,0
1254102,2021,Dubai,2021-10-01,League,KL Rahul,Dubai International Cricket Stadium,Kolkata Knight Riders,Punjab Kings,Punjab Kings,field,Punjab Kings,wickets,5.0,166.0,20.0,N,Normal Match,KN Ananthapadmanabhan,RK Illingworth,Chase,2021,True,333,12,165,168,7,5,0
1254089,2021,Abu Dhabi,2021-10-02,League,RD Gaikwad,"Zayed Cricket Stadium, Abu Dhabi",Chennai Super Kings,Rajasthan Royals,Rajasthan Royals,field,Rajasthan Royals,wickets,7.0,190.0,20.0,N,Normal Match,CB Gaffaney,VK Sharma,Chase,2021,True,379,7,189,190,4,3,0
1254112,2021,Sharjah,2021-10-02,League,AR Patel,Sharjah Cricket Stadium,Mumbai Indians,Delhi Capitals,Delhi Capitals,field,Delhi Capitals,wickets,4.0,130.0,20.0,N,Normal Match,AK Chaudhary,MA Gough,Chase,2021,True,261,14,129,132,8,6,0
1254090,2021,Sharjah,2021-10-03,League,GJ Maxwell,Sharjah Cricket Stadium,Royal Challengers Bangalore,Punjab Kings,Royal Challengers Bangalore,bat,Royal Challengers Bangalore,runs,6.0,165.0,20.0,N,Normal Match,KN Ananthapadmanabhan,RK Illingworth,Defend,2021,True,322,13,164,158,7,6,1
1254109,2021,Dubai,2021-10-03,League,Shubman Gill,Dubai International Cricket Stadium,Sunrisers Hyderabad,Kolkata Knight Riders,Sunrisers Hyderabad,bat,Kolkata Knight Riders,wickets,6.0,116.0,20.0,N,Normal Match,J Madanagopal,MA Gough,Chase,2021,False,234,12,115,119,8,4,1
1254110,2021,Dubai,2021-10-04,League,AR Patel,Dubai International Cricket Stadium,Chennai Super Kings,Delhi Capitals,Delhi Capitals,field,Delhi Capitals,wickets,3.0,137.0,20.0,N,Normal Match,AK Chaudhary,Nitin Menon,Chase,2021,True,275,12,136,139,5,7,0
1254093,2021,Sharjah,2021-10-05,League,NM Coulter-Nile,Sharjah Cricket Stadium,Rajasthan Royals,Mumbai Indians,Mumbai Indians,field,Mumbai Indians,wickets,8.0,91.0,20.0,N,Normal Match,AK Chaudhary,MA Gough,Chase,2021,True,184,11,90,94,9,2,0
1254095,2021,Abu Dhabi,2021-10-06,League,KS Williamson,"Zayed Cricket Stadium, Abu Dhabi",Sunrisers Hyderabad,Royal Challengers Bangalore,Royal Challengers Bangalore,field,Sunrisers Hyderabad,runs,4.0,142.0,20.0,N,Normal Match,S Ravi,UV Gandhe,Defend,2021,False,278,13,141,137,7,6,0
1254094,2021,Dubai,2021-10-07,League,KL Rahul,Dubai International Cricket Stadium,Chennai Super Kings,Punjab Kings,Punjab Kings,field,Punjab Kings,wickets,6.0,135.0,20.0,N,Normal Match,K Srinivasan,RK Illingworth,Chase,2021,True,273,10,134,139,6,4,0
1254106,2021,Sharjah,2021-10-07,League,Shivam Mavi,Sharjah Cricket Stadium,Kolkata Knight Riders,Rajasthan Royals,Rajasthan Royals,field,Kolkata Knight Riders,runs,86.0,172.0,20.0,N,Normal Match,MA Gough,HAS Khalid,Defend,2021,False,256,14,171,85,4,10,0
1254088,2021,Abu Dhabi,2021-10-08,League,Ishan Kishan,"Zayed Cricket Stadium, Abu Dhabi",Mumbai Indians,Sunrisers Hyderabad,Mumbai Indians,bat,Mumbai Indians,runs,42.0,236.0,20.0,N,Normal Match,Tapan Sharma,VK Sharma,Defend,2021,True,428,17,235,193,9,8,1
1254101,2021,Dubai,2021-10-08,League,KS Bharat,Dubai International Cricket Stadium,Delhi Capitals,Royal Challengers Bangalore,Royal Challengers Bangalore,field,Royal Challengers Bangalore,wickets,7.0,165.0,20.0,N,Normal Match,KN Ananthapadmanabhan,Nitin Menon,Chase,2021,True,330,8,164,166,5,3,0
1254114,2021,Dubai,2021-10-10,Qualifier 1,RD Gaikwad,Dubai International Cricket Stadium,Delhi Capitals,Chennai Super Kings,Chennai Super Kings,field,Chennai Super Kings,wickets,4.0,173.0,20.0,N,Normal Match,Nitin Menon,RK Illingworth,Chase,2021,True,345,11,172,173,5,6,0
1254115,2021,Sharjah,2021-10-11,Eliminator,SP Narine,Sharjah Cricket Stadium,Royal Challengers Bangalore,Kolkata Knight Riders,Royal Challengers Bangalore,bat,Kolkata Knight Riders,wickets,4.0,139.0,20.0,N,Normal Match,CB Gaffaney,VK Sharma,Chase,2021,False,277,13,138,139,7,6,1
1254116,2021,Sharjah,2021-10-13,Qualifier 2,VR Iyer,Sharjah Cricket Stadium,Delhi Capitals,Kolkata Knight Riders,Kolkata Knight Riders,field,Kolkata Knight Riders,wickets,3.0,136.0,20.0,N,Normal Match,KN Ananthapadmanabhan,MA Gough,Chase,2021,True,271,12,135,136,5,7,0
1254117,2021,Dubai,2021-10-15,Final,F du Plessis,Dubai International Cricket Stadium,Chennai Super Kings,Kolkata Knight Riders,Kolkata Knight Riders,field,Chennai Super Kings,runs,27.0,193.0,20.0,N,Normal Match,Nitin Menon,RK Illingworth,Defend,2021,False,357,12,192,165,3,9,0
1304047,2022,Mumbai,2022-03-26,League,UT Yadav,"Wankhede Stadium, Mumbai",Chennai Super Kings,Kolkata Knight Riders,Kolkata Knight Riders,field,Kolkata Knight Riders,wickets,6.0,132.0,20.0,N,Normal Match,AK Chaudhary,Nitin Menon,Chase,2022,True,264,9,131,133,5,4,0
1304048,2022,Mumbai,2022-03-27,League,Kuldeep Yadav,"Brabourne Stadium, Mumbai",Mumbai Indians,Delhi Capitals,Delhi Capitals,field,Delhi Capitals,wickets,4.0,178.0,20.0,N,Normal Match,RJ Tucker,HAS Khalid,Chase,2022,True,356,11,177,179,5,6,0
1304049,2022,Mumbai,2022-03-27,League,OF Smith,"Dr DY Patil Sports Academy, Mumbai",Royal Challengers Bangalore,Punjab Kings,Punjab Kings,field,Punjab Kings,wickets,5.0,206.0,20.0,N,Normal Match,Nitin Menon,YC Barde,Chase,2022,True,413,7,205,208,2,5,0
1304050,2022,Mumbai,2022-03-28,League,Mohammed Shami,"Wankhede Stadium, Mumbai",Lucknow Super Giants,Gujarat Titans,Gujarat Titans,field,Gujarat Titans,wickets,5.0,159.0,20.0,N,Normal Match,PG Pathak,VK Sharma,Chase,2022,True,319,11,158,161,6,5,0
1304051,2022,Pune,2022-03-29,League,SV Samson,"Maharashtra Cricket Association Stadium, Pune",Rajasthan Royals,Sunrisers Hyderabad,Sunrisers Hyderabad,field,Rajasthan Royals,runs,61.0,211.0,20.0,N,Normal Match,BNJ Oxenford,UV Gandhe,Defend,2022,False,359,13,210,149,6,7,0
1304052,2022,Mumbai,2022-03-30,League,PWH de Silva,"Dr DY Patil Sports Academy, Mumbai",Kolkata Knight Riders,Royal Challengers Bangalore,Royal Challengers Bangalore,field,Royal Challengers Bangalore,wickets,3.0,129.0,20.0,N,Normal Match,J Madanagopal,Navdeep Singh,Chase,2022,True,260,17,128,132,10,7,0
1304053,2022,Mumbai,2022-03-31,League,E Lewis,"Brabourne Stadium, Mumbai",Chennai Super Kings,Lucknow Super Giants,Lucknow Super Giants,field,Lucknow Super Giants,wickets,6.0,211.0,20.0,N,Normal Match,RJ Tucker,VK Sharma,Chase,2022,True,421,11,210,211,7,4,0
1304054,2022,Mumbai,2022-04-01,League,UT Yadav,"Wankhede Stadium, Mumbai",Punjab Kings,Kolkata Knight Riders,Kolkata Knight Riders,field,Kolkata Knight Riders,wickets,6.0,138.0,20.0,N,Normal Match,AK Chaudhary,HAS Khalid,Chase,2022,True,278,14,137,141,10,4,0
1304055,2022,Mumbai,2022-04-02,League,JC Buttler,"Dr DY Patil Sports Academy, Mumbai",Rajasthan Royals,Mumbai Indians,Mumbai Indians,field,Rajasthan Royals,runs,23.0,194.0,20.0,N,Normal Match,Nitin Menon,PG Pathak,Defend,2022,False,363,16,193,170,8,8,0
1304056,2022,Pune,2022-04-02,League,LH Ferguson,"Maharashtra Cricket Association Stadium, Pune",Gujarat Titans,Delhi Capitals,Delhi Capitals,field,Gujarat Titans,runs,14.0,172.0,20.0,N,Normal Match,KN Ananthapadmanabhan,UV Gandhe,Defend,2022,False,328,15,171,157,6,9,0
1304057,2022,Mumbai,2022-04-03,League,LS Livingstone,"Brabourne Stadium, Mumbai",Punjab Kings,Chennai Super Kings,Chennai Super Kings,field,Punjab Kings,runs,54.0,181.0,20.0,N,Normal Match,RJ Tucker,YC Barde,Defend,2022,False,306,18,180,126,8,10,0
1304058,2022,Mumbai,2022-04-04,League,Avesh Khan,"Dr DY Patil Sports Academy, Mumbai",Lucknow Super Giants,Sunrisers Hyderabad,Sunrisers Hyderabad,field,Lucknow Super Giants,runs,12.0,170.0,20.0,N,Normal Match,J Madanagopal,Navdeep Singh,Defend,2022,False,326,16,169,157,7,9,0
1304059,2022,Mumbai,2022-04-05,League,KD Karthik,"Wankhede Stadium, Mumbai",Rajasthan Royals,Royal Challengers Bangalore,Royal Challengers Bangalore,field,Royal Challengers Bangalore,wickets,4.0,170.0,20.0,N,Normal Match,AK Chaudhary,HAS Khalid,Chase,2022,True,342,9,169,173,3,6,0
1304060,2022,Pune,2022-04-06,League,PJ Cummins,"Maharashtra Cricket Association Stadium, Pune",Mumbai Indians,Kolkata Knight Riders,Kolkata Knight Riders,field,Kolkata Knight Riders,wickets,5.0,162.0,20.0,N,Normal Match,BNJ Oxenford,KN Ananthapadmanabhan,Chase,2022,True,323,9,161,162,4,5,0
1304061,2022,Mumbai,2022-04-07,League,Q de Kock,"Dr DY Patil Sports Academy, Mumbai",Delhi Capitals,Lucknow Super Giants,Lucknow Super Giants,field,Lucknow Super Giants,wickets,6.0,150.0,20.0,N,Normal Match,RJ Tucker,Tapan Sharma,Chase,2022,True,304,7,149,155,3,4,0
1304062,2022,Mumbai,2022-04-08,League,Shubman Gill,"Brabourne Stadium, Mumbai",Punjab Kings,Gujarat Titans,Gujarat Titans,field,Gujarat Titans,wickets,6.0,190.0,20.0,N,Normal Match,AK Chaudhary,VK Sharma,Chase,2022,True,379,13,189,190,9,4,0
1304063,2022,Mumbai,2022-04-09,League,Abhishek Sharma,"Dr DY Patil Sports Academy, Mumbai",Chennai Super Kings,Sunrisers Hyderabad,Sunrisers Hyderabad,field,Sunrisers Hyderabad,wickets,8.0,155.0,20.0,N,Normal Match,Navdeep Singh,Nitin Menon,Chase,2022,True,309,9,154,155,7,2,0
1304064,2022,Pune,2022-04-09,League,Anuj Rawat,"Maharashtra Cricket Association Stadium, Pune",Mumbai Indians,Royal Challengers Bangalore,Royal Challengers Bangalore,field,Royal Challengers Bangalore,wickets,7.0,152.0,20.0,N,Normal Match,BNJ Oxenford,KN Ananthapadmanabhan,Chase,2022,True,303,9,151,152,6,3,0
1304065,2022,Mumbai,2022-04-10,League,Kuldeep Yadav,"Brabourne Stadium, Mumbai",Delhi Capitals,Kolkata Knight Riders,Kolkata Knight Riders,field,Delhi Capitals,runs,44.0,216.0,20.0,N,Normal Match,CB Gaffaney,J Madanagopal,Defend,2022,False,386,15,215,171,5,10,0
1304066,2022,Mumbai,2022-04-10,League,YS Chahal,"Wankhede Stadium, Mumbai",Rajasthan Royals,Lucknow Super Giants,Lucknow Super Giants,field,Rajasthan Royals,runs,3.0,166.0,20.0,N,Normal Match,AK Chaudhary,Tapan Sharma,Defend,2022,False,327,14,165,162,6,8,0
1304067,2022,Mumbai,2022-04-11,League,KS Williamson,"Dr DY Patil Sports Academy, Mumbai",Gujarat Titans,Sunrisers Hyderabad,Sunrisers Hyderabad,field,Sunrisers Hyderabad,wickets,8.0,163.0,20.0,N,Normal Match,Chirra Ravikanthreddy,RJ Tucker,Chase,2022,True,330,10,162,168,7,3,0
1304068,2022,Mumbai,2022-04-12,League,S Dube,"Dr DY Patil Sports Academy, Mumbai",Chennai Super Kings,Royal Challengers Bangalore,Royal Challengers Bangalore,field,Chennai Super Kings,runs,23.0,217.0,20.0,N,Normal Match,Nitin Menon,N Pandit,Defend,2022,False,409,13,216,193,4,9,0
1304069,2022,Pune,2022-04-13,League,MA Agarwal,"Maharashtra Cricket Association Stadium, Pune",Punjab Kings,Mumbai Indians,Mumbai Indians,field,Punjab Kings,runs,12.0,199.0,20.0,N,Normal Match,BNJ Oxenford,UV Gandhe,Defend,2022,False,384,14,198,186,5,9,0
1304070,2022,Mumbai,2022-04-14,League,HH Pandya,"Dr DY Patil Sports Academy, Mumbai",Gujarat Titans,Rajasthan Royals,Rajasthan Royals,field,Gujarat Titans,runs,37.0,193.0,20.0,N,Normal Match,CB Gaffaney,R Pandit,Defend,2022,False,347,13,192,155,4,9,0
1304071,2022,Mumbai,2022-04-15,League,RA Tripathi,"Brabourne Stadium, Mumbai",Kolkata Knight Riders,Sunrisers Hyderabad,Sunrisers Hyderabad,field,Sunrisers Hyderabad,wickets,7.0,176.0,20.0,N,Normal Match,GR Sadashiv Iyer,VK Sharma,Chase,2022,True,351,11,175,176,8,3,0
1304072,2022,Mumbai,2022-04-16,League,KL Rahul,"Brabourne Stadium, Mumbai",Lucknow Super Giants,Mumbai Indians,Mumbai Indians,field,Lucknow Super Giants,runs,18.0,200.0,20.0,N,Normal Match,AK Chaudhary,NA Patwardhan,Defend,2022,False,380,13,199,181,4,9,0
1304073,2022,Mumbai,2022-04-16,League,KD Karthik,"Wankhede Stadium, Mumbai",Royal Challengers Bangalore,Delhi Capitals,Delhi Capitals,field,Royal Challengers Bangalore,runs,16.0,190.0,20.0,N,Normal Match,Chirra Ravikanthreddy,J Madanagopal,Defend,2022,False,362,12,189,173,5,7,0
1304074,2022,Mumbai,2022-04-17,League,Umran Malik,"Dr DY Patil Sports Academy, Mumbai",Punjab Kings,Sunrisers Hyderabad,Sunrisers Hyderabad,field,Sunrisers Hyderabad,wickets,7.0,152.0,20.0,N,Normal Match,PG Pathak,R Pandit,Chase,2022,True,303,13,151,152,10,3,0
1304075,2022,Pune,2022-04-17,League,DA Miller,"Maharashtra Cricket Association Stadium, Pune",Chennai Super Kings,Gujarat Titans,Gujarat Titans,field,Gujarat Titans,wickets,3.0,170.0,20.0,N,Normal Match,KN Ananthapadmanabhan,UV Gandhe,Chase,2022,True,339,12,169,170,5,7,0
1304076,2022,Mumbai,2022-04-18,League,YS Chahal,"Brabourne Stadium, Mumbai",Rajasthan Royals,Kolkata Knight Riders,Kolkata Knight Riders,field,Rajasthan Royals,runs,7.0,218.0,20.0,N,Normal Match,GR Sadashiv Iyer,VK Sharma,Defend,2022,False,427,15,217,210,5,10,0
1304077,2022,Mumbai,2022-04-19,League,F du Plessis,"Dr DY Patil Sports Academy, Mumbai",Royal Challengers Bangalore,Lucknow Super Giants,Lucknow Super Giants,field,Royal Challengers Bangalore,runs,18.0,182.0,20.0,N,Normal Match,CB Gaffaney,N Pandit,Defend,2022,False,344,14,181,163,6,8,0
1304078,2022,Mumbai,2022-04-20,League,Kuldeep Yadav,"Brabourne Stadium, Mumbai",Punjab Kings,Delhi Capitals,Delhi Capitals,field,Delhi Capitals,wickets,9.0,116.0,20.0,N,Normal Match,RJ Tucker,Tapan Sharma,Chase,2022,True,234,11,115,119,10,1,0
1304079,2022,Navi Mumbai,2022-04-21,League,Mukesh Choudhary,"Dr DY Patil Sports Academy, Mumbai",Mumbai Indians,Chennai Super Kings,Chennai Super Kings,field,Chennai Super Kings,wickets,3.0,156.0,20.0,N,Normal Match,BNJ Oxenford,UV Gandhe,Chase,2022,True,311,14,155,156,7,7,0
1304080,2022,Mumbai,2022-04-22,League,JC Buttler,"Wankhede Stadium, Mumbai",Rajasthan Royals,Delhi Capitals,Delhi Capitals,field,Rajasthan Royals,runs,15.0,223.0,20.0,N,Normal Match,NA Patwardhan,Nitin Menon,Defend,2022,False,429,10,222,207,2,8,0
1304081,2022,Navi Mumbai,2022-04-23,League,Rashid Khan,"Dr DY Patil Sports Academy, Mumbai",Gujarat Titans,Kolkata Knight Riders,Gujarat Titans,bat,Gujarat Titans,runs,8.0,157.0,20.0,N,Normal Match,KN Ananthapadmanabhan,UV Gandhe,Defend,2022,True,304,17,156,148,9,8,1
1304082,2022,Mumbai,2022-04-23,League,M Jansen,"Brabourne Stadium, Mumbai",Royal Challengers Bangalore,Sunrisers Hyderabad,Sunrisers Hyderabad,field,Sunrisers Hyderabad,wickets,9.0,69.0,20.0,N,Normal Match,Chirra Ravikanthreddy,J Madanagopal,Chase,2022,True,140,11,68,72,10,1,0
1304083,2022,Mumbai,2022-04-24,League,KL Rahul,"Wankhede Stadium, Mumbai",Lucknow Super Giants,Mumbai Indians,Mumbai Indians,field,Lucknow Super Giants,runs,36.0,169.0,20.0,N,Normal Match,M Erasmus,HAS Khalid,Defend,2022,False,300,14,168,132,6,8,0
1304084,2022,Mumbai,2022-04-25,League,S Dhawan,"Wankhede Stadium, Mumbai",Punjab Kings,Chennai Super Kings,Chennai Super Kings,field,Punjab Kings,runs,11.0,188.0,20.0,N,Normal Match,M Erasmus,Tapan Sharma,Defend,2022,False,363,10,187,176,4,6,0
1304085,2022,Pune,2022-04-26,League,R Parag,"Maharashtra Cricket Association Stadium, Pune",Rajasthan Royals,Royal Challengers Bangalore,Royal Challengers Bangalore,field,Rajasthan Royals,runs,29.0,145.0,20.0,N,Normal Match,BNJ Oxenford,KN Ananthapadmanabhan,Defend,2022,False,259,18,144,115,8,10,0
1304086,2022,Mumbai,2022-04-27,League,Umran Malik,"Wankhede Stadium, Mumbai",Sunrisers Hyderabad,Gujarat Titans,Gujarat Titans,field,Gujarat Titans,wickets,5.0,196.0,20.0,N,Normal Match,CB Gaffaney,Navdeep Singh,Chase,2022,True,394,11,195,199,6,5,0
1304087,2022,Mumbai,2022-04-28,League,Kuldeep Yadav,"Wankhede Stadium, Mumbai",Kolkata Knight Riders,Delhi Capitals,Delhi Capitals,field,Delhi Capitals,wickets,4.0,147.0,20.0,N,Normal Match,AK Chaudhary,PG Pathak,Chase,2022,True,296,15,146,150,9,6,0
1304088,2022,Pune,2022-04-29,League,KH Pandya,"Maharashtra Cricket Association Stadium, Pune",Lucknow Super Giants,Punjab Kings,Punjab Kings,field,Lucknow Super Giants,runs,20.0,154.0,20.0,N,Normal Match,MA Gough,UV Gandhe,Defend,2022,False,286,16,153,133,8,8,0
1304089,2022,Mumbai,2022-04-30,League,R Tewatia,"Brabourne Stadium, Mumbai",Royal Challengers Bangalore,Gujarat Titans,Royal Challengers Bangalore,bat,Gujarat Titans,wickets,6.0,171.0,20.0,N,Normal Match,HAS Khalid,VK Sharma,Chase,2022,False,344,10,170,174,6,4,1
1304090,2022,Navi Mumbai,2022-04-30,League,SA Yadav,"Dr DY Patil Sports Academy, Mumbai",Rajasthan Royals,Mumbai Indians,Mumbai Indians,field,Mumbai Indians,wickets,5.0,159.0,20.0,N,Normal Match,BNJ Oxenford,YC Barde,Chase,2022,True,319,11,158,161,6,5,0
1304091,2022,Mumbai,2022-05-01,League,Mohsin Khan,"Wankhede Stadium, Mumbai",Lucknow Super Giants,Delhi Capitals,Lucknow Super Giants,bat,Lucknow Super Giants,runs,6.0,196.0,20.0,N,Normal Match,Chirra Ravikanthreddy,CB Gaffaney,Defend,2022,True,384,10,195,189,3,7,1
1304092,2022,Pune,2022-05-01,League,RD Gaikwad,"Maharashtra Cricket Association Stadium, Pune",Chennai Super Kings,Sunrisers Hyderabad,Sunrisers Hyderabad,field,Chennai Super Kings,runs,13.0,203.0,20.0,N,Normal Match,AK Chaudhary,KN Ananthapadmanabhan,Defend,2022,False,391,8,202,189,2,6,0
1304093,2022,Mumbai,2022-05-02,League,RK Singh,"Wankhede Stadium, Mumbai",Rajasthan Royals,Kolkata Knight Riders,Kolkata Knight Riders,field,Kolkata Knight Riders,wickets,7.0,153.0,20.0,N,Normal Match,J Madanagopal,N Pandit,Chase,2022,True,310,8,152,158,5,3,0
1304094,2022,Navi Mumbai,2022-05-03,League,K Rabada,"Dr DY Patil Sports Academy, Mumbai",Gujarat Titans,Punjab Kings,Gujarat Titans,bat,Punjab Kings,wickets,8.0,144.0,20.0,N,Normal Match,R Pandit,VK Sharma,Chase,2022,False,288,10,143,145,8,2,1
1304095,2022,Pune,2022-05-04,League,HV Patel,"Maharashtra Cricket Association Stadium, Pune",Royal Challengers Bangalore,Chennai Super Kings,Chennai Super Kings,field,Royal Challengers Bangalore,runs,13.0,174.0,20.0,N,Normal Match,KN Ananthapadmanabhan,MA Gough,Defend,2022,False,333,16,173,160,8,8,0
1304096,2022,Mumbai,2022-05-05,League,DA Warner,"Brabourne Stadium, Mumbai",Delhi Capitals,Sunrisers Hyderabad,Sunrisers Hyderabad,field,Delhi Capitals,runs,21.0,208.0,20.0,N,Normal Match,Navdeep Singh,NA Patwardhan,Defend,2022,False,393,11,207,186,3,8,0
1304097,2022,Mumbai,2022-05-06,League,TH David,"Brabourne Stadium, Mumbai",Mumbai Indians,Gujarat Titans,Gujarat Titans,field,Mumbai Indians,runs,5.0,178.0,20.0,N,Normal Match,J Madanagopal,GR Sadashiv Iyer,Defend,2022,False,349,11,177,172,6,5,0
1304098,2022,Mumbai,2022-05-07,League,YBK Jaiswal,"Wankhede Stadium, Mumbai",Punjab Kings,Rajasthan Royals,Punjab Kings,bat,Rajasthan Royals,wickets,6.0,190.0,20.0,N,Normal Match,Chirra Ravikanthreddy,YC Barde,Chase,2022,False,379,9,189,190,5,4,1
1304099,2022,Pune,2022-05-07,League,Avesh Khan,"Maharashtra Cricket Association Stadium, Pune",Lucknow Super Giants,Kolkata Knight Riders,Kolkata Knight Riders,field,Lucknow Super Giants,runs,75.0,177.0,20.0,N,Normal Match,AK Chaudhary,MA Gough,Defend,2022,False,277,17,176,101,7,10,0
1304100,2022,Mumbai,2022-05-08,League,PWH de Silva,"Wankhede Stadium, Mumbai",Royal Challengers Bangalore,Sunrisers Hyderabad,Royal Challengers Bangalore,bat,Royal Challengers Bangalore,runs,67.0,193.0,20.0,N,Normal Match,BNJ Oxenford,N Pandit,Defend,2022,True,317,13,192,125,3,10,1
1304101,2022,Navi Mumbai,2022-05-08,League,DP Conway,"Dr DY Patil Sports Academy, Mumbai",Chennai Super Kings,Delhi Capitals,Delhi Capitals,field,Chennai Super Kings,runs,91.0,209.0,20.0,N,Normal Match,Nitin Menon,R Pandit,Defend,2022,False,325,16,208,117,6,10,0
1304102,2022,Navi Mumbai,2022-05-09,League,JJ Bumrah,"Dr DY Patil Sports Academy, Mumbai",Kolkata Knight Riders,Mumbai Indians,Mumbai Indians,field,Kolkata Knight Riders,runs,52.0,166.0,20.0,N,Normal Match,CB Gaffaney,GR Sadashiv Iyer,Defend,2022,False,278,19,165,113,9,10,0
1304103,2022,Pune,2022-05-10,League,Shubman Gill,"Maharashtra Cricket Association Stadium, Pune",Gujarat Titans,Lucknow Super Giants,Gujarat Titans,bat,Gujarat Titans,runs,62.0,145.0,20.0,N,Normal Match,KN Ananthapadmanabhan,MA Gough,Defend,2022,True,226,14,144,82,4,10,1
1304104,2022,Navi Mumbai,2022-05-11,League,MR Marsh,"Dr DY Patil Sports Academy, Mumbai",Rajasthan Royals,Delhi Capitals,Delhi Capitals,field,Delhi Capitals,wickets,8.0,161.0,20.0,N,Normal Match,NA Patwardhan,Nitin Menon,Chase,2022,True,321,8,160,161,6,2,0
1304105,2022,Mumbai,2022-05-12,League,DR Sams,"Wankhede Stadium, Mumbai",Chennai Super Kings,Mumbai Indians,Mumbai Indians,field,Mumbai Indians,wickets,5.0,98.0,20.0,N,Normal Match,Chirra Ravikanthreddy,CB Gaffaney,Chase,2022,True,200,15,97,103,10,5,0
1304106,2022,Mumbai,2022-05-13,League,JM Bairstow,"Brabourne Stadium, Mumbai",Punjab Kings,Royal Challengers Bangalore,Royal Challengers Bangalore,field,Punjab Kings,runs,54.0,210.0,20.0,N,Normal Match,J Madanagopal,N Pandit,Defend,2022,False,364,18,209,155,9,9,0
1304107,2022,Pune,2022-05-14,League,AD Russell,"Maharashtra Cricket Association Stadium, Pune",Kolkata Knight Riders,Sunrisers Hyderabad,Kolkata Knight Riders,bat,Kolkata Knight Riders,runs,54.0,178.0,20.0,N,Normal Match,AK Chaudhary,KN Ananthapadmanabhan,Defend,2022,True,300,14,177,123,6,8,1
1304108,2022,Mumbai,2022-05-15,League,WP Saha,"Wankhede Stadium, Mumbai",Chennai Super Kings,Gujarat Titans,Chennai Super Kings,bat,Gujarat Titans,wickets,7.0,134.0,20.0,N,Normal Match,R Pandit,VK Sharma,Chase,2022,False,270,8,133,137,5,3,1
1304109,2022,Mumbai,2022-05-15,League,TA Boult,"Brabourne Stadium, Mumbai",Rajasthan Royals,Lucknow Super Giants,Rajasthan Royals,bat,Rajasthan Royals,runs,24.0,179.0,20.0,N,Normal Match,PG Pathak,Tapan Sharma,Defend,2022,True,332,14,178,154,6,8,1
1304110,2022,Navi Mumbai,2022-05-16,League,SN Thakur,"Dr DY Patil Sports Academy, Mumbai",Delhi Capitals,Punjab Kings,Punjab Kings,field,Delhi Capitals,runs,17.0,160.0,20.0,N,Normal Match,GR Sadashiv Iyer,Nitin Menon,Defend,2022,False,301,16,159,142,7,9,0
1304111,2022,Mumbai,2022-05-17,League,RA Tripathi,"Wankhede Stadium, Mumbai",Sunrisers Hyderabad,Mumbai Indians,Mumbai Indians,field,Sunrisers Hyderabad,runs,3.0,194.0,20.0,N,Normal Match,CB Gaffaney,N Pandit,Defend,2022,False,383,13,193,190,6,7,0
1304112,2022,Navi Mumbai,2022-05-18,League,Q de Kock,"Dr DY Patil Sports Academy, Mumbai",Lucknow Super Giants,Kolkata Knight Riders,Lucknow Super Giants,bat,Lucknow Super Giants,runs,2.0,211.0,20.0,N,Normal Match,R Pandit,YC Barde,Defend,2022,True,418,8,210,208,0,8,1
1304113,2022,Mumbai,2022-05-19,League,V Kohli,"Wankhede Stadium, Mumbai",Gujarat Titans,Royal Challengers Bangalore,Gujarat Titans,bat,Royal Challengers Bangalore,wickets,8.0,169.0,20.0,N,Normal Match,KN Ananthapadmanabhan,GR Sadashiv Iyer,Chase,2022,False,338,7,168,170,5,2,1
1304114,2022,Mumbai,2022-05-20,League,R Ashwin,"Brabourne Stadium, Mumbai",Chennai Super Kings,Rajasthan Royals,Chennai Super Kings,bat,Rajasthan Royals,wickets,5.0,151.0,20.0,N,Normal Match,CB Gaffaney,NA Patwardhan,Chase,2022,False,301,11,150,151,6,5,1
1304115,2022,Mumbai,2022-05-21,League,JJ Bumrah,"Wankhede Stadium, Mumbai",Delhi Capitals,Mumbai Indians,Mumbai Indians,field,Mumbai Indians,wickets,5.0,160.0,20.0,N,Normal Match,Nitin Menon,Tapan Sharma,Chase,2022,True,319,12,159,160,7,5,0
1304116,2022,Mumbai,2022-05-22,League,Harpreet Brar,"Wankhede Stadium, Mumbai",Sunrisers Hyderabad,Punjab Kings,Sunrisers Hyderabad,bat,Punjab Kings,wickets,5.0,158.0,20.0,N,Normal Match,AK Chaudhary,NA Patwardhan,Chase,2022,False,317,13,157,160,8,5,1
1312197,2022,Kolkata,2022-05-24,Qualifier 1,DA Miller,"Eden Gardens, Kolkata",Rajasthan Royals,Gujarat Titans,Gujarat Titans,field,Gujarat Titans,wickets,7.0,189.0,20.0,N,Normal Match,BNJ Oxenford,VK Sharma,Chase,2022,True,379,9,188,191,6,3,0
1312198,2022,Kolkata,2022-05-25,Eliminator,RM Patidar,"Eden Gardens, Kolkata",Royal Challengers Bangalore,Lucknow Super Giants,Lucknow Super Giants,field,Royal Challengers Bangalore,runs,14.0,208.0,20.0,N,Normal Match,J Madanagopal,MA Gough,Defend,2022,False,400,10,207,193,4,6,0
1312199,2022,Ahmedabad,2022-05-27,Qualifier 2,JC Buttler,"Narendra Modi Stadium, Ahmedabad",Royal Challengers Bangalore,Rajasthan Royals,Rajasthan Royals,field,Rajasthan Royals,wickets,7.0,158.0,20.0,N,Normal Match,CB Gaffaney,Nitin Menon,Chase,2022,True,318,11,157,161,8,3,0
1312200,2022,Ahmedabad,2022-05-29,Final,HH Pandya,"Narendra Modi Stadium, Ahmedabad",Rajasthan Royals,Gujarat Titans,Rajasthan Royals,bat,Gujarat Titans,wickets,7.0,131.0,20.0,N,Normal Match,CB Gaffaney,Nitin Menon,Chase,2022,False,263,12,130,133,9,3,1
1359475,2023,Ahmedabad,2023-03-31,League,Rashid Khan,"Narendra Modi Stadium, Ahmedabad",Chennai Super Kings,Gujarat Titans,Gujarat Titans,field,Gujarat Titans,wickets,5.0,179.0,20.0,N,Normal Match,Nitin Menon,HAS Khalid,Chase,2023,True,360,12,178,182,7,5,0
1359476,2023,Chandigarh,2023-04-01,League,Arshdeep Singh,"Punjab Cricket Association IS Bindra Stadium, Mohali, Chandigarh",Punjab Kings,Kolkata Knight Riders,Kolkata Knight Riders,field,Punjab Kings,runs,7.0,154.0,16.0,N,D/L,BNJ Oxenford,YC Barde,Defend,2023,False,337,12,191,146,5,7,0
1359477,2023,Lucknow,2023-04-01,League,MA Wood,"Bharat Ratna Shri Atal Bihari Vajpayee Ekana Cricket Stadium, Lucknow",Lucknow Super Giants,Delhi Capitals,Delhi Capitals,field,Lucknow Super Giants,runs,50.0,194.0,20.0,N,Normal Match,AK Chaudhary,NA Patwardhan,Defend,2023,False,336,15,193,143,6,9,0
1359478,2023,Hyderabad,2023-04-02,League,JC Buttler,"Rajiv Gandhi International Stadium, Uppal, Hyderabad",Rajasthan Royals,Sunrisers Hyderabad,Sunrisers Hyderabad,field,Rajasthan Royals,runs,72.0,204.0,20.0,N,Normal Match,KN Ananthapadmanabhan,R Pandit,Defend,2023,False,334,13,203,131,5,8,0
1359479,2023,Bengaluru,2023-04-02,League,F du Plessis,"M Chinnaswamy Stadium, Bengaluru",Mumbai Indians,Royal Challengers Bangalore,Royal Challengers Bangalore,field,Royal Challengers Bangalore,wickets,8.0,172.0,20.0,N,Normal Match,Nitin Menon,Tapan Sharma,Chase,2023,True,343,9,171,172,7,2,0
1359480,2023,Chennai,2023-04-03,League,MM Ali,"MA Chidambaram Stadium, Chepauk, Chennai",Chennai Super Kings,Lucknow Super Giants,Lucknow Super Giants,field,Chennai Super Kings,runs,12.0,218.0,20.0,N,Normal Match,A Totre,BNJ Oxenford,Defend,2023,False,422,14,217,205,7,7,0
1359481,2023,Delhi,2023-04-04,League,B Sai Sudharsan,"Arun Jaitley Stadium, Delhi",Delhi Capitals,Gujarat Titans,Gujarat Titans,field,Gujarat Titans,wickets,6.0,163.0,20.0,N,Normal Match,A Nand Kishore,GR Sadashiv Iyer,Chase,2023,True,325,12,162,163,8,4,0
1359482,2023,Guwahati,2023-04-05,League,NT Ellis,"Barsapara Cricket Stadium, Guwahati",Punjab Kings,Rajasthan Royals,Rajasthan Royals,field,Punjab Kings,runs,5.0,198.0,20.0,N,Normal Match,KN Ananthapadmanabhan,MV Saidharshan Kumar,Defend,2023,False,389,12,197,192,5,7,0
1359483,2023,Kolkata,2023-04-06,League,SN Thakur,"Eden Gardens, Kolkata",Kolkata Knight Riders,Royal Challengers Bangalore,Royal Challengers Bangalore,field,Kolkata Knight Riders,runs,81.0,205.0,20.0,N,Normal Match,Vinod Seshan,VK Sharma,Defend,2023,False,327,17,204,123,7,10,0
1359484,2023,Lucknow,2023-04-07,League,KH Pandya,"Bharat Ratna Shri Atal Bihari Vajpayee Ekana Cricket Stadium, Lucknow",Sunrisers Hyderabad,Lucknow Super Giants,Sunrisers Hyderabad,bat,Lucknow Super Giants,wickets,5.0,122.0,20.0,N,Normal Match,J Madanagopal,YC Barde,Chase,2023,False,248,13,121,127,8,5,1
1359485,2023,Guwahati,2023-04-08,League,YBK Jaiswal,"Barsapara Cricket Stadium, Guwahati",Rajasthan Royals,Delhi Capitals,Delhi Capitals,field,Rajasthan Royals,runs,57.0,200.0,20.0,N,Normal Match,Navdeep Singh,MV Saidharshan Kumar,Defend,2023,False,341,13,199,142,4,9,0
1359486,2023,Mumbai,2023-04-08,League,RA Jadeja,"Wankhede Stadium, Mumbai",Mumbai Indians,Chennai Super Kings,Chennai Super Kings,field,Chennai Super Kings,wickets,7.0,158.0,20.0,N,Normal Match,CB Gaffaney,NA Patwardhan,Chase,2023,True,316,11,157,159,8,3,0
1359487,2023,Ahmedabad,2023-04-09,League,RK Singh,"Narendra Modi Stadium, Ahmedabad",Gujarat Titans,Kolkata Knight Riders,Gujarat Titans,bat,Kolkata Knight Riders,wickets,3.0,205.0,20.0,N,Normal Match,Nitin Menon,Tapan Sharma,Chase,2023,False,411,11,204,207,4,7,1
1359488,2023,Hyderabad,2023-04-09,League,S Dhawan,"Rajiv Gandhi International Stadium, Uppal, Hyderabad",Punjab Kings,Sunrisers Hyderabad,Sunrisers Hyderabad,field,Sunrisers Hyderabad,wickets,8.0,144.0,20.0,N,Normal Match,BNJ Oxenford,UV Gandhe,Chase,2023,True,288,11,143,145,9,2,0
1359489,2023,Bengaluru,2023-04-10,League,N Pooran,"M Chinnaswamy Stadium, Bengaluru",Royal Challengers Bangalore,Lucknow Super Giants,Lucknow Super Giants,field,Lucknow Super Giants,wickets,1.0,213.0,20.0,N,Normal Match,AK Chaudhary,A Nand Kishore,Chase,2023,True,425,11,212,213,2,9,0
1359490,2023,Delhi,2023-04-11,League,RG Sharma,"Arun Jaitley Stadium, Delhi",Delhi Capitals,Mumbai Indians,Mumbai Indians,field,Mumbai Indians,wickets,6.0,173.0,20.0,N,Normal Match,MA Gough,R Pandit,Chase,2023,True,345,14,172,173,10,4,0
1359491,2023,Chennai,2023-04-12,League,R Ashwin,"MA Chidambaram Stadium, Chepauk, Chennai",Rajasthan Royals,Chennai Super Kings,Chennai Super Kings,field,Rajasthan Royals,runs,3.0,176.0,20.0,N,Normal Match,Vinod Seshan,VK Sharma,Defend,2023,False,347,14,175,172,8,6,0
1359492,2023,Chandigarh,2023-04-13,League,MM Sharma,"Punjab Cricket Association IS Bindra Stadium, Mohali, Chandigarh",Punjab Kings,Gujarat Titans,Gujarat Titans,field,Gujarat Titans,wickets,6.0,154.0,20.0,N,Normal Match,A Totre,J Madanagopal,Chase,2023,True,307,12,153,154,8,4,0
1359493,2023,Kolkata,2023-04-14,League,HC Brook,"Eden Gardens, Kolkata",Sunrisers Hyderabad,Kolkata Knight Riders,Kolkata Knight Riders,field,Sunrisers Hyderabad,runs,23.0,229.0,20.0,N,Normal Match,CB Gaffaney,GR Sadashiv Iyer,Defend,2023,False,433,11,228,205,4,7,0
1359494,2023,Bengaluru,2023-04-15,League,V Kohli,"M Chinnaswamy Stadium, Bengaluru",Royal Challengers Bangalore,Delhi Capitals,Delhi Capitals,field,Royal Challengers Bangalore,runs,23.0,175.0,20.0,N,Normal Match,KN Ananthapadmanabhan,MV Saidharshan Kumar,Defend,2023,False,325,15,174,151,6,9,0
1359495,2023,Lucknow,2023-04-15,League,Sikandar Raza,"Bharat Ratna Shri Atal Bihari Vajpayee Ekana Cricket Stadium, Lucknow",Lucknow Super Giants,Punjab Kings,Punjab Kings,field,Punjab Kings,wickets,2.0,160.0,20.0,N,Normal Match,HAS Khalid,VK Sharma,Chase,2023,True,320,16,159,161,8,8,0
1359496,2023,Mumbai,2023-04-16,League,VR Iyer,"Wankhede Stadium, Mumbai",Kolkata Knight Riders,Mumbai Indians,Mumbai Indians,field,Mumbai Indians,wickets,5.0,186.0,20.0,N,Normal Match,BNJ Oxenford,UV Gandhe,Chase,2023,True,371,11,185,186,6,5,0
1359497,2023,Ahmedabad,2023-04-16,League,SO Hetmyer,"Narendra Modi Stadium, Ahmedabad",Gujarat Titans,Rajasthan Royals,Rajasthan Royals,field,Rajasthan Royals,wickets,3.0,178.0,20.0,N,Normal Match,AK Chaudhary,CB Gaffaney,Chase,2023,True,356,14,177,179,7,7,0
1359498,2023,Bengaluru,2023-04-17,League,DP Conway,"M Chinnaswamy Stadium, Bengaluru",Chennai Super Kings,Royal Challengers Bangalore,Royal Challengers Bangalore,field,Chennai Super Kings,runs,8.0,227.0,20.0,N,Normal Match,KN Ananthapadmanabhan,Navdeep Singh,Defend,2023,False,444,14,226,218,6,8,0
1359499,2023,Hyderabad,2023-04-18,League,C Green,"Rajiv Gandhi International Stadium, Uppal, Hyderabad",Mumbai Indians,Sunrisers Hyderabad,Sunrisers Hyderabad,field,Mumbai Indians,runs,14.0,193.0,20.0,N,Normal Match,Nitin Menon,Vinod Seshan,Defend,2023,False,370,15,192,178,5,10,0
1359500,2023,Jaipur,2023-04-19,League,MP Stoinis,"Sawai Mansingh Stadium, Jaipur",Lucknow Super Giants,Rajasthan Royals,Rajasthan Royals,field,Lucknow Super Giants,runs,10.0,155.0,20.0,N,Normal Match,J Madanagopal,YC Barde,Defend,2023,False,298,13,154,144,7,6,0
1359501,2023,Chandigarh,2023-04-20,League,Mohammed Siraj,"Punjab Cricket Association IS Bindra Stadium, Mohali, Chandigarh",Royal Challengers Bangalore,Punjab Kings,Punjab Kings,field,Royal Challengers Bangalore,runs,24.0,175.0,20.0,N,Normal Match,AK Chaudhary,GR Sadashiv Iyer,Defend,2023,False,324,14,174,150,4,10,0
1359502,2023,Delhi,2023-04-20,League,I Sharma,"Arun Jaitley Stadium, Delhi",Kolkata Knight Riders,Delhi Capitals,Delhi Capitals,field,Delhi Capitals,wickets,4.0,128.0,20.0,N,Normal Match,MA Gough,R Pandit,Chase,2023,True,255,16,127,128,10,6,0
1359503,2023,Chennai,2023-04-21,League,RA Jadeja,"MA Chidambaram Stadium, Chepauk, Chennai",Sunrisers Hyderabad,Chennai Super Kings,Chennai Super Kings,field,Chennai Super Kings,wickets,7.0,135.0,20.0,N,Normal Match,HAS Khalid,VK Sharma,Chase,2023,True,272,10,134,138,7,3,0
1359504,2023,Lucknow,2023-04-22,League,MM Sharma,"Bharat Ratna Shri Atal Bihari Vajpayee Ekana Cricket Stadium, Lucknow",Gujarat Titans,Lucknow Super Giants,Gujarat Titans,bat,Gujarat Titans,runs,7.0,136.0,20.0,N,Normal Match,A Totre,RJ Tucker,Defend,2023,True,263,13,135,128,6,7,1
1359505,2023,Mumbai,2023-04-22,League,SM Curran,"Wankhede Stadium, Mumbai",Punjab Kings,Mumbai Indians,Mumbai Indians,field,Punjab Kings,runs,13.0,215.0,20.0,N,Normal Match,CB Gaffaney,GR Sadashiv Iyer,Defend,2023,False,415,14,214,201,8,6,0
1359506,2023,Bengaluru,2023-04-23,League,GJ Maxwell,"M Chinnaswamy Stadium, Bengaluru",Royal Challengers Bangalore,Rajasthan Royals,Rajasthan Royals,field,Royal Challengers Bangalore,runs,7.0,190.0,20.0,N,Normal Match,MA Gough,MV Saidharshan Kumar,Defend,2023,False,371,15,189,182,9,6,0
1359507,2023,Kolkata,2023-04-23,League,AM Rahane,"Eden Gardens, Kolkata",Chennai Super Kings,Kolkata Knight Riders,Kolkata Knight Riders,field,Chennai Super Kings,runs,49.0,236.0,20.0,N,Normal Match,Nitin Menon,Tapan Sharma,Defend,2023,False,421,12,235,186,4,8,0
1359508,2023,Hyderabad,2023-04-24,League,AR Patel,"Rajiv Gandhi International Stadium, Uppal, Hyderabad",Delhi Capitals,Sunrisers Hyderabad,Delhi Capitals,bat,Delhi Capitals,runs,7.0,145.0,20.0,N,Normal Match,J Madanagopal,RJ Tucker,Defend,2023,True,281,15,144,137,9,6,1
1359509,2023,Ahmedabad,2023-04-25,League,A Manohar,"Narendra Modi Stadium, Ahmedabad",Gujarat Titans,Mumbai Indians,Mumbai Indians,field,Gujarat Titans,runs,55.0,208.0,20.0,N,Normal Match,AK Chaudhary,A Nand Kishore,Defend,2023,False,359,15,207,152,6,9,0
1359510,2023,Bengaluru,2023-04-26,League,CV Varun,"M Chinnaswamy Stadium, Bengaluru",Kolkata Knight Riders,Royal Challengers Bangalore,Royal Challengers Bangalore,field,Kolkata Knight Riders,runs,21.0,201.0,20.0,N,Normal Match,KN Ananthapadmanabhan,R Pandit,Defend,2023,False,379,13,200,179,5,8,0
1359511,2023,Jaipur,2023-04-27,League,YBK Jaiswal,"Sawai Mansingh Stadium, Jaipur",Rajasthan Royals,Chennai Super Kings,Rajasthan Royals,bat,Rajasthan Royals,runs,32.0,203.0,20.0,N,Normal Match,A Totre,YC Barde,Defend,2023,True,372,11,202,170,5,6,1
1359512,2023,Chandigarh,2023-04-28,League,MP Stoinis,"Punjab Cricket Association IS Bindra Stadium, Mohali, Chandigarh",Lucknow Super Giants,Punjab Kings,Punjab Kings,field,Lucknow Super Giants,runs,56.0,258.0,20.0,N,Normal Match,Nitin Menon,Vinod Seshan,Defend,2023,False,458,15,257,201,5,10,0
1359513,2023,Kolkata,2023-04-29,League,J Little,"Eden Gardens, Kolkata",Kolkata Knight Riders,Gujarat Titans,Gujarat Titans,field,Gujarat Titans,wickets,7.0,180.0,20.0,N,Normal Match,NA Patwardhan,GR Sadashiv Iyer,Chase,2023,True,359,10,179,180,7,3,0
1359514,2023,Delhi,2023-04-29,League,MR Marsh,"Arun Jaitley Stadium, Delhi",Sunrisers Hyderabad,Delhi Capitals,Sunrisers Hyderabad,bat,Sunrisers Hyderabad,runs,9.0,198.0,20.0,N,Normal Match,MA Gough,Navdeep Singh,Defend,2023,True,385,12,197,188,6,6,1
1359515,2023,Chennai,2023-04-30,League,DP Conway,"MA Chidambaram Stadium, Chepauk, Chennai",Chennai Super Kings,Punjab Kings,Chennai Super Kings,bat,Punjab Kings,wickets,4.0,201.0,20.0,N,Normal Match,RJ Tucker,UV Gandhe,Chase,2023,False,401,10,200,201,4,6,1
1359516,2023,Mumbai,2023-04-30,League,YBK Jaiswal,"Wankhede Stadium, Mumbai",Rajasthan Royals,Mumbai Indians,Rajasthan Royals,bat,Mumbai Indians,wickets,6.0,213.0,20.0,N,Normal Match,Vinod Seshan,VK Sharma,Chase,2023,False,426,11,212,214,7,4,1
1359517,2023,Lucknow,2023-05-01,League,F du Plessis,"Bharat Ratna Shri Atal Bihari Vajpayee Ekana Cricket Stadium, Lucknow",Royal Challengers Bangalore,Lucknow Super Giants,Royal Challengers Bangalore,bat,Royal Challengers Bangalore,runs,18.0,127.0,20.0,N,Normal Match,AK Chaudhary,GR Sadashiv Iyer,Defend,2023,True,234,19,126,108,9,10,1
1359518,2023,Ahmedabad,2023-05-02,League,Mohammed Shami,"Narendra Modi Stadium, Ahmedabad",Delhi Capitals,Gujarat Titans,Delhi Capitals,bat,Delhi Capitals,runs,5.0,131.0,20.0,N,Normal Match,MA Gough,R Pandit,Defend,2023,True,255,14,130,125,8,6,1
1359519,2023,Lucknow,2023-05-03,League,Unknown,"Bharat Ratna Shri Atal Bihari Vajpayee Ekana Cricket Stadium, Lucknow",Lucknow Super Giants,Chennai Super Kings,Chennai Super Kings,field,No Result,no result,No Result,0.0,0.0,N,Normal Match,AK Chaudhary,NA Patwardhan,No Result,2023,False,125,7,125,0,7,0,0
1359520,2023,Chandigarh,2023-05-03,League,Ishan Kishan,"Punjab Cricket Association IS Bindra Stadium, Mohali, Chandigarh",Punjab Kings,Mumbai Indians,Mumbai Indians,field,Mumbai Indians,wickets,6.0,215.0,20.0,N,Normal Match,J Madanagopal,RJ Tucker,Chase,2023,True,430,7,214,216,3,4,0
1359521,2023,Hyderabad,2023-05-04,League,CV Varun,"Rajiv Gandhi International Stadium, Uppal, Hyderabad",Kolkata Knight Riders,Sunrisers Hyderabad,Kolkata Knight Riders,bat,Kolkata Knight Riders,runs,5.0,172.0,20.0,N,Normal Match,KN Ananthapadmanabhan,MA Gough,Defend,2023,True,337,17,171,166,9,8,1
1359522,2023,Jaipur,2023-05-05,League,Rashid Khan,"Sawai Mansingh Stadium, Jaipur",Rajasthan Royals,Gujarat Titans,Rajasthan Royals,bat,Gujarat Titans,wickets,9.0,119.0,20.0,N,Normal Match,HAS Khalid,VK Sharma,Chase,2023,False,237,11,118,119,10,1,1
1359523,2023,Chennai,2023-05-06,League,M Pathirana,"MA Chidambaram Stadium, Chepauk, Chennai",Mumbai Indians,Chennai Super Kings,Chennai Super Kings,field,Chennai Super Kings,wickets,6.0,140.0,20.0,N,Normal Match,BNJ Oxenford,Navdeep Singh,Chase,2023,True,279,12,139,140,8,4,0
1359524,2023,Delhi,2023-05-06,League,PD Salt,"Arun Jaitley Stadium, Delhi",Royal Challengers Bangalore,Delhi Capitals,Royal Challengers Bangalore,bat,Delhi Capitals,wickets,7.0,182.0,20.0,N,Normal Match,RJ Tucker,YC Barde,Chase,2023,False,368,7,181,187,4,3,1
1359525,2023,Ahmedabad,2023-05-07,League,Shubman Gill,"Narendra Modi Stadium, Ahmedabad",Gujarat Titans,Lucknow Super Giants,Lucknow Super Giants,field,Gujarat Titans,runs,56.0,228.0,20.0,N,Normal Match,AK Chaudhary,A Nand Kishore,Defend,2023,False,398,9,227,171,2,7,0
1359526,2023,Jaipur,2023-05-07,League,GD Phillips,"Sawai Mansingh Stadium, Jaipur",Rajasthan Royals,Sunrisers Hyderabad,Rajasthan Royals,bat,Sunrisers Hyderabad,wickets,4.0,215.0,20.0,N,Normal Match,Nitin Menon,Vinod Seshan,Chase,2023,False,431,8,214,217,2,6,1
1359527,2023,Kolkata,2023-05-08,League,AD Russell,"Eden Gardens, Kolkata",Punjab Kings,Kolkata Knight Riders,Punjab Kings,bat,Kolkata Knight Riders,wickets,5.0,180.0,20.0,N,Normal Match,A Totre,J Madanagopal,Chase,2023,False,361,12,179,182,7,5,1
1359528,2023,Mumbai,2023-05-09,League,SA Yadav,"Wankhede Stadium, Mumbai",Royal Challengers Bangalore,Mumbai Indians,Mumbai Indians,field,Mumbai Indians,wickets,6.0,200.0,20.0,N,Normal Match,HAS Khalid,VK Sharma,Chase,2023,True,399,10,199,200,6,4,0
1359529,2023,Chennai,2023-05-10,League,RA Jadeja,"MA Chidambaram Stadium, Chepauk, Chennai",Chennai Super Kings,Delhi Capitals,Chennai Super Kings,bat,Chennai Super Kings,runs,27.0,168.0,20.0,N,Normal Match,CB Gaffaney,NA Patwardhan,Defend,2023,True,307,16,167,140,8,8,1
1359530,2023,Kolkata,2023-05-11,League,YBK Jaiswal,"Eden Gardens, Kolkata",Kolkata Knight Riders,Rajasthan Royals,Rajasthan Royals,field,Rajasthan Royals,wickets,9.0,150.0,20.0,N,Normal Match,RJ Tucker,MV Saidharshan Kumar,Chase,2023,True,300,9,149,151,8,1,0
1359531,2023,Mumbai,2023-05-12,League,SA Yadav,"Wankhede Stadium, Mumbai",Mumbai Indians,Gujarat Titans,Gujarat Titans,field,Mumbai Indians,runs,27.0,219.0,20.0,N,Normal Match,Nitin Menon,Tapan Sharma,Defend,2023,False,409,13,218,191,5,8,0
1359532,2023,Hyderabad,2023-05-13,League,PN Mankad,"Rajiv Gandhi International Stadium, Uppal, Hyderabad",Sunrisers Hyderabad,Lucknow Super Giants,Sunrisers Hyderabad,bat,Lucknow Super Giants,wickets,7.0,183.0,20.0,N,Normal Match,A Totre,J Madanagopal,Chase,2023,False,367,9,182,185,6,3,1
1359533,2023,Delhi,2023-05-13,League,P Simran Singh,"Arun Jaitley Stadium, Delhi",Punjab Kings,Delhi Capitals,Delhi Capitals,field,Punjab Kings,runs,31.0,168.0,20.0,N,Normal Match,CB Gaffaney,NA Patwardhan,Defend,2023,False,303,15,167,136,7,8,0
1359534,2023,Jaipur,2023-05-14,League,WD Parnell,"Sawai Mansingh Stadium, Jaipur",Royal Challengers Bangalore,Rajasthan Royals,Royal Challengers Bangalore,bat,Royal Challengers Bangalore,runs,112.0,172.0,20.0,N,Normal Match,KN Ananthapadmanabhan,Navdeep Singh,Defend,2023,True,230,15,171,59,5,10,1
1359535,2023,Chennai,2023-05-14,League,RK Singh,"MA Chidambaram Stadium, Chepauk, Chennai",Chennai Super Kings,Kolkata Knight Riders,Chennai Super Kings,bat,Kolkata Knight Riders,wickets,6.0,145.0,20.0,N,Normal Match,Tapan Sharma,Vinod Seshan,Chase,2023,False,291,10,144,147,6,4,1
1359536,2023,Ahmedabad,2023-05-15,League,Shubman Gill,"Narendra Modi Stadium, Ahmedabad",Gujarat Titans,Sunrisers Hyderabad,Sunrisers Hyderabad,field,Gujarat Titans,runs,34.0,189.0,20.0,N,Normal Match,J Madanagopal,UV Gandhe,Defend,2023,False,342,18,188,154,9,9,0
1359537,2023,Lucknow,2023-05-16,League,MP Stoinis,"Bharat Ratna Shri Atal Bihari Vajpayee Ekana Cricket Stadium, Lucknow",Lucknow Super Giants,Mumbai Indians,Mumbai Indians,field,Lucknow Super Giants,runs,5.0,178.0,20.0,N,Normal Match,AK Chaudhary,A Nand Kishore,Defend,2023,False,349,9,177,172,4,5,0
1359538,2023,Dharamsala,2023-05-17,League,RR Rossouw,"Himachal Pradesh Cricket Association Stadium, Dharamsala",Delhi Capitals,Punjab Kings,Punjab Kings,field,Delhi Capitals,runs,15.0,214.0,20.0,N,Normal Match,KN Ananthapadmanabhan,MV Saidharshan Kumar,Defend,2023,False,411,10,213,198,2,8,0
1359539,2023,Hyderabad,2023-05-18,League,V Kohli,"Rajiv Gandhi International Stadium, Uppal, Hyderabad",Sunrisers Hyderabad,Royal Challengers Bangalore,Royal Challengers Bangalore,field,Royal Challengers Bangalore,wickets,8.0,187.0,20.0,N,Normal Match,BNJ Oxenford,VK Sharma,Chase,2023,True,373,7,186,187,5,2,0
1359540,2023,Dharamsala,2023-05-19,League,D Padikkal,"Himachal Pradesh Cricket Association Stadium, Dharamsala",Punjab Kings,Rajasthan Royals,Rajasthan Royals,field,Rajasthan Royals,wickets,4.0,188.0,20.0,N,Normal Match,A Nand Kishore,RJ Tucker,Chase,2023,True,376,11,187,189,5,6,0
1359541,2023,Delhi,2023-05-20,League,RD Gaikwad,"Arun Jaitley Stadium, Delhi",Chennai Super Kings,Delhi Capitals,Chennai Super Kings,bat,Chennai Super Kings,runs,77.0,224.0,20.0,N,Normal Match,CB Gaffaney,NA Patwardhan,Defend,2023,True,369,12,223,146,3,9,1
1359542,2023,Kolkata,2023-05-20,League,N Pooran,"Eden Gardens, Kolkata",Lucknow Super Giants,Kolkata Knight Riders,Kolkata Knight Riders,field,Lucknow Super Giants,runs,1.0,177.0,20.0,N,Normal Match,J Madanagopal,UV Gandhe,Defend,2023,False,351,15,176,175,8,7,0
1359543,2023,Mumbai,2023-05-21,League,C Green,"Wankhede Stadium, Mumbai",Sunrisers Hyderabad,Mumbai Indians,Mumbai Indians,field,Mumbai Indians,wickets,8.0,201.0,20.0,N,Normal Match,KN Ananthapadmanabhan,RJ Tucker,Chase,2023,True,401,7,200,201,5,2,0
1359544,2023,Bengaluru,2023-05-21,League,Shubman Gill,"M Chinnaswamy Stadium, Bengaluru",Royal Challengers Bangalore,Gujarat Titans,Gujarat Titans,field,Gujarat Titans,wickets,6.0,198.0,20.0,N,Normal Match,Nitin Menon,VK Sharma,Chase,2023,True,395,9,197,198,5,4,0
1370350,2023,Chennai,2023-05-23,Qualifier 1,RD Gaikwad,"MA Chidambaram Stadium, Chepauk, Chennai",Chennai Super Kings,Gujarat Titans,Gujarat Titans,field,Chennai Super Kings,runs,15.0,173.0,20.0,N,Normal Match,AK Chaudhary,CB Gaffaney,Defend,2023,False,329,17,172,157,7,10,0
1370351,2023,Chennai,2023-05-24,Eliminator,Akash Madhwal,"MA Chidambaram Stadium, Chepauk, Chennai",Mumbai Indians,Lucknow Super Giants,Mumbai Indians,bat,Mumbai Indians,runs,81.0,183.0,20.0,N,Normal Match,BNJ Oxenford,VK Sharma,Defend,2023,True,283,18,182,101,8,10,1
1370352,2023,Ahmedabad,2023-05-26,Qualifier 2,Shubman Gill,"Narendra Modi Stadium, Ahmedabad",Gujarat Titans,Mumbai Indians,Mumbai Indians,field,Gujarat Titans,runs,62.0,234.0,20.0,N,Normal Match,Nitin Menon,RJ Tucker,Defend,2023,False,404,13,233,171,3,10,0
1370353,2023,Ahmedabad,2023-05-29,Final,DP Conway,"Narendra Modi Stadium, Ahmedabad",Gujarat Titans,Chennai Super Kings,Chennai Super Kings,field,Chennai Super Kings,wickets,5.0,171.0,15.0,N,D/L,Nitin Menon,RJ Tucker,Chase,2023,True,385,9,214,171,4,5,0
1422119,2024,Chennai,2024-03-22,League,Mustafizur Rahman,"MA Chidambaram Stadium, Chepauk, Chennai",Royal Challengers Bengaluru,Chennai Super Kings,Royal Challengers Bengaluru,bat,Chennai Super Kings,wickets,6.0,174.0,20.0,N,Normal Match,HAS Khalid,VK Sharma,Chase,2024,False,349,10,173,176,6,4,1
1422120,2024,Mohali,2024-03-23,League,SM Curran,"Maharaja Yadavindra Singh International Cricket Stadium, Mullanpur",Delhi Capitals,Punjab Kings,Punjab Kings,field,Punjab Kings,wickets,4.0,175.0,20.0,N,Normal Match,J Madanagopal,NA Patwardhan,Chase,2024,True,351,15,174,177,9,6,0
1422121,2024,Kolkata,2024-03-23,League,AD Russell,"Eden Gardens, Kolkata",Kolkata Knight Riders,Sunrisers Hyderabad,Sunrisers Hyderabad,field,Kolkata Knight Riders,runs,4.0,209.0,20.0,N,Normal Match,R Pandit,YC Barde,Defend,2024,False,412,14,208,204,7,7,0
1422122,2024,Jaipur,2024-03-24,League,SV Samson,"Sawai Mansingh Stadium, Jaipur",Rajasthan Royals,Lucknow Super Giants,Rajasthan Royals,bat,Rajasthan Royals,runs,20.0,194.0,20.0,N,Normal Match,A Totre,HDPK Dharmasena,Defend,2024,True,366,10,193,173,4,6,1
1422123,2024,Ahmedabad,2024-03-24,League,B Sai Sudharsan,"Narendra Modi Stadium, Ahmedabad",Gujarat Titans,Mumbai Indians,Mumbai Indians,field,Gujarat Titans,runs,6.0,169.0,20.0,N,Normal Match,VA Kulkarni,VK Sharma,Defend,2024,False,330,15,168,162,6,9,0
1422124,2024,Bengaluru,2024-03-25,League,V Kohli,"M Chinnaswamy Stadium, Bengaluru",Punjab Kings,Royal Challengers Bengaluru,Royal Challengers Bengaluru,field,Royal Challengers Bengaluru,wickets,4.0,177.0,20.0,N,Normal Match,AK Chaudhary,MV Saidharshan Kumar,Chase,2024,True,354,12,176,178,6,6,0
1422125,2024,Chennai,2024-03-26,League,S Dube,"MA Chidambaram Stadium, Chepauk, Chennai",Chennai Super Kings,Gujarat Titans,Gujarat Titans,field,Chennai Super Kings,runs,63.0,207.0,20.0,N,Normal Match,AG Wharf,Tapan Sharma,Defend,2024,False,349,14,206,143,6,8,0
1422126,2024,Hyderabad,2024-03-27,League,Abhishek Sharma,"Rajiv Gandhi International Stadium, Uppal, Hyderabad",Sunrisers Hyderabad,Mumbai Indians,Mumbai Indians,field,Sunrisers Hyderabad,runs,31.0,278.0,20.0,N,Normal Match,KN Ananthapadmanabhan,UV Gandhe,Defend,2024,False,523,8,277,246,3,5,0
1422127,2024,Jaipur,2024-03-28,League,R Parag,"Sawai Mansingh Stadium, Jaipur",Rajasthan Royals,Delhi Capitals,Delhi Capitals,field,Rajasthan Royals,runs,12.0,186.0,20.0,N,Normal Match,A Nand Kishore,Nitin Menon,Defend,2024,False,358,10,185,173,5,5,0
1422128,2024,Bengaluru,2024-03-29,League,SP Narine,"M Chinnaswamy Stadium, Bengaluru",Royal Challengers Bengaluru,Kolkata Knight Riders,Kolkata Knight Riders,field,Kolkata Knight Riders,wickets,7.0,183.0,20.0,N,Normal Match,AK Chaudhary,R Pandit,Chase,2024,True,368,9,182,186,6,3,0
1422129,2024,Lucknow,2024-03-30,League,MP Yadav,"Bharat Ratna Shri Atal Bihari Vajpayee Ekana Cricket Stadium, Lucknow",Lucknow Super Giants,Punjab Kings,Lucknow Super Giants,bat,Lucknow Super Giants,runs,21.0,200.0,20.0,N,Normal Match,J Madanagopal,Navdeep Singh,Defend,2024,True,377,13,199,178,8,5,1
1422130,2024,Ahmedabad,2024-03-31,League,MM Sharma,"Narendra Modi Stadium, Ahmedabad",Sunrisers Hyderabad,Gujarat Titans,Sunrisers Hyderabad,bat,Gujarat Titans,wickets,7.0,163.0,20.0,N,Normal Match,HAS Khalid,VK Sharma,Chase,2024,False,330,11,162,168,8,3,1
1422131,2024,Visakhapatnam,2024-03-31,League,KK Ahmed,"Dr. Y.S. Rajasekhara Reddy ACA-VDCA Cricket Stadium, Visakhapatnam",Delhi Capitals,Chennai Super Kings,Delhi Capitals,bat,Delhi Capitals,runs,20.0,192.0,20.0,N,Normal Match,HDPK Dharmasena,Vinod Seshan,Defend,2024,True,362,11,191,171,5,6,1
1422132,2024,Mumbai,2024-04-01,League,TA Boult,"Wankhede Stadium, Mumbai",Mumbai Indians,Rajasthan Royals,Rajasthan Royals,field,Rajasthan Royals,wickets,6.0,126.0,20.0,N,Normal Match,MV Saidharshan Kumar,YC Barde,Chase,2024,True,252,13,125,127,9,4,0
1422133,2024,Bengaluru,2024-04-02,League,MP Yadav,"M Chinnaswamy Stadium, Bengaluru",Lucknow Super Giants,Royal Challengers Bengaluru,Royal Challengers Bengaluru,field,Lucknow Super Giants,runs,28.0,182.0,20.0,N,Normal Match,J Madanagopal,NA Patwardhan,Defend,2024,False,334,15,181,153,5,10,0
1422134,2024,Visakhapatnam,2024-04-03,League,SP Narine,"Dr. Y.S. Rajasekhara Reddy ACA-VDCA Cricket Stadium, Visakhapatnam",Kolkata Knight Riders,Delhi Capitals,Kolkata Knight Riders,bat,Kolkata Knight Riders,runs,106.0,273.0,20.0,N,Normal Match,A Totre,UV Gandhe,Defend,2024,True,438,17,272,166,7,10,1
1422135,2024,Ahmedabad,2024-04-04,League,Shashank Singh,"Narendra Modi Stadium, Ahmedabad",Gujarat Titans,Punjab Kings,Punjab Kings,field,Punjab Kings,wickets,3.0,200.0,20.0,N,Normal Match,Nitin Menon,VA Kulkarni,Chase,2024,True,399,11,199,200,4,7,0
1422136,2024,Hyderabad,2024-04-05,League,Abhishek Sharma,"Rajiv Gandhi International Stadium, Uppal, Hyderabad",Chennai Super Kings,Sunrisers Hyderabad,Sunrisers Hyderabad,field,Sunrisers Hyderabad,wickets,6.0,166.0,20.0,N,Normal Match,R Pandit,YC Barde,Chase,2024,True,331,9,165,166,5,4,0
1422137,2024,Jaipur,2024-04-06,League,JC Buttler,"Sawai Mansingh Stadium, Jaipur",Royal Challengers Bengaluru,Rajasthan Royals,Rajasthan Royals,field,Rajasthan Royals,wickets,6.0,184.0,20.0,N,Normal Match,AG Wharf,Tapan Sharma,Chase,2024,True,372,7,183,189,3,4,0
1422138,2024,Mumbai,2024-04-07,League,R Shepherd,"Wankhede Stadium, Mumbai",Mumbai Indians,Delhi Capitals,Delhi Capitals,field,Mumbai Indians,runs,29.0,235.0,20.0,N,Normal Match,HDPK Dharmasena,UV Gandhe,Defend,2024,False,439,13,234,205,5,8,0
1422139,2024,Lucknow,2024-04-07,League,Yash Thakur,"Bharat Ratna Shri Atal Bihari Vajpayee Ekana Cricket Stadium, Lucknow",Lucknow Super Giants,Gujarat Titans,Lucknow Super Giants,bat,Lucknow Super Giants,runs,33.0,164.0,20.0,N,Normal Match,A Nand Kishore,VK Sharma,Defend,2024,True,293,15,163,130,5,10,1
1426260,2024,Chennai,2024-04-08,League,RA Jadeja,"MA Chidambaram Stadium, Chepauk, Chennai",Kolkata Knight Riders,Chennai Super Kings,Chennai Super Kings,field,Chennai Super Kings,wickets,7.0,138.0,20.0,N,Normal Match,AK Chaudhary,MV Saidharshan Kumar,Chase,2024,True,278,12,137,141,9,3,0
1426261,2024,Mohali,2024-04-09,League,Nithish Kumar Reddy,"Maharaja Yadavindra Singh International Cricket Stadium, Mullanpur",Sunrisers Hyderabad,Punjab Kings,Punjab Kings,field,Sunrisers Hyderabad,runs,2.0,183.0,20.0,N,Normal Match,Navdeep Singh,NA Patwardhan,Defend,2024,False,362,15,182,180,9,6,0
1426262,2024,Jaipur,2024-04-10,League,Rashid Khan,"Sawai Mansingh Stadium, Jaipur",Rajasthan Royals,Gujarat Titans,Gujarat Titans,field,Gujarat Titans,wickets,3.0,197.0,20.0,N,Normal Match,HDPK Dharmasena,Vinod Seshan,Chase,2024,True,395,10,196,199,3,7,0
1426263,2024,Mumbai,2024-04-11,League,JJ Bumrah,"Wankhede Stadium, Mumbai",Royal Challengers Bengaluru,Mumbai Indians,Mumbai Indians,field,Mumbai Indians,wickets,7.0,197.0,20.0,N,Normal Match,Nitin Menon,VA Kulkarni,Chase,2024,True,395,11,196,199,8,3,0
1426264,2024,Lucknow,2024-04-12,League,Kuldeep Yadav,"Bharat Ratna Shri Atal Bihari Vajpayee Ekana Cricket Stadium, Lucknow",Lucknow Super Giants,Delhi Capitals,Lucknow Super Giants,bat,Delhi Capitals,wickets,6.0,168.0,20.0,N,Normal Match,R Pandit,YC Barde,Chase,2024,False,337,11,167,170,7,4,1
1426265,2024,Mohali,2024-04-13,League,SO Hetmyer,"Maharaja Yadavindra Singh International Cricket Stadium, Mullanpur",Punjab Kings,Rajasthan Royals,Rajasthan Royals,field,Rajasthan Royals,wickets,3.0,148.0,20.0,N,Normal Match,AK Chaudhary,Tapan Sharma,Chase,2024,True,299,15,147,152,8,7,0
1426266,2024,Kolkata,2024-04-14,League,PD Salt,"Eden Gardens, Kolkata",Lucknow Super Giants,Kolkata Knight Riders,Kolkata Knight Riders,field,Kolkata Knight Riders,wickets,8.0,162.0,20.0,N,Normal Match,A Totre,Vinod Seshan,Chase,2024,True,323,9,161,162,7,2,0
1426267,2024,Mumbai,2024-04-14,League,M Pathirana,"Wankhede Stadium, Mumbai",Chennai Super Kings,Mumbai Indians,Mumbai Indians,field,Chennai Super Kings,runs,20.0,207.0,20.0,N,Normal Match,Nitin Menon,HAS Khalid,Defend,2024,False,392,10,206,186,4,6,0
1426268,2024,Bengaluru,2024-04-15,League,TM Head,"M Chinnaswamy Stadium, Bengaluru",Sunrisers Hyderabad,Royal Challengers Bengaluru,Royal Challengers Bengaluru,field,Sunrisers Hyderabad,runs,25.0,288.0,20.0,N,Normal Match,AK Chaudhary,R Pandit,Defend,2024,False,549,10,287,262,3,7,0
1426269,2024,Kolkata,2024-04-16,League,JC Buttler,"Eden Gardens, Kolkata",Kolkata Knight Riders,Rajasthan Royals,Rajasthan Royals,field,Rajasthan Royals,wickets,2.0,224.0,20.0,N,Normal Match,MA Gough,UV Gandhe,Chase,2024,True,447,14,223,224,6,8,0
1426270,2024,Ahmedabad,2024-04-17,League,RR Pant,"Narendra Modi Stadium, Ahmedabad",Gujarat Titans,Delhi Capitals,Delhi Capitals,field,Delhi Capitals,wickets,6.0,90.0,20.0,N,Normal Match,NA Patwardhan,VK Sharma,Chase,2024,True,181,14,89,92,10,4,0
1426271,2024,Mohali,2024-04-18,League,JJ Bumrah,"Maharaja Yadavindra Singh International Cricket Stadium, Mullanpur",Mumbai Indians,Punjab Kings,Punjab Kings,field,Mumbai Indians,runs,9.0,193.0,20.0,N,Normal Match,A Nand Kishore,VA Kulkarni,Defend,2024,False,375,17,192,183,7,10,0
1426272,2024,Lucknow,2024-04-19,League,KL Rahul,"Bharat Ratna Shri Atal Bihari Vajpayee Ekana Cricket Stadium, Lucknow",Chennai Super Kings,Lucknow Super Giants,Lucknow Super Giants,field,Lucknow Super Giants,wickets,8.0,177.0,20.0,N,Normal Match,AK Chaudhary,R Pandit,Chase,2024,True,356,8,176,180,6,2,0
1426273,2024,Delhi,2024-04-20,League,TM Head,"Arun Jaitley Stadium, Delhi",Sunrisers Hyderabad,Delhi Capitals,Delhi Capitals,field,Sunrisers Hyderabad,runs,67.0,267.0,20.0,N,Normal Match,J Madanagopal,Navdeep Singh,Defend,2024,False,465,17,266,199,7,10,0
1426274,2024,Kolkata,2024-04-21,League,AD Russell,"Eden Gardens, Kolkata",Kolkata Knight Riders,Royal Challengers Bengaluru,Royal Challengers Bengaluru,field,Kolkata Knight Riders,runs,1.0,223.0,20.0,N,Normal Match,A Totre,Vinod Seshan,Defend,2024,False,443,16,222,221,6,10,0
1426275,2024,Mohali,2024-04-21,League,R Sai Kishore,"Maharaja Yadavindra Singh International Cricket Stadium, Mullanpur",Punjab Kings,Gujarat Titans,Punjab Kings,bat,Gujarat Titans,wickets,3.0,143.0,20.0,N,Normal Match,A Nand Kishore,VA Kulkarni,Chase,2024,False,288,17,142,146,10,7,1
1426276,2024,Jaipur,2024-04-22,League,Sandeep Sharma,"Sawai Mansingh Stadium, Jaipur",Mumbai Indians,Rajasthan Royals,Mumbai Indians,bat,Rajasthan Royals,wickets,9.0,180.0,20.0,N,Normal Match,AK Chaudhary,MV Saidharshan Kumar,Chase,2024,False,362,10,179,183,9,1,1
1426277,2024,Chennai,2024-04-23,League,MP Stoinis,"MA Chidambaram Stadium, Chepauk, Chennai",Chennai Super Kings,Lucknow Super Giants,Lucknow Super Giants,field,Lucknow Super Giants,wickets,6.0,211.0,20.0,N,Normal Match,NA Patwardhan,Tapan Sharma,Chase,2024,True,423,8,210,213,4,4,0
1426278,2024,Delhi,2024-04-24,League,RR Pant,"Arun Jaitley Stadium, Delhi",Delhi Capitals,Gujarat Titans,Gujarat Titans,field,Delhi Capitals,runs,4.0,225.0,20.0,N,Normal Match,KN Ananthapadmanabhan,UV Gandhe,Defend,2024,False,444,12,224,220,4,8,0
1426279,2024,Hyderabad,2024-04-25,League,RM Patidar,"Rajiv Gandhi International Stadium, Uppal, Hyderabad",Royal Challengers Bengaluru,Sunrisers Hyderabad,Royal Challengers Bengaluru,bat,Royal Challengers Bengaluru,runs,35.0,207.0,20.0,N,Normal Match,Nitin Menon,HAS Khalid,Defend,2024,True,377,15,206,171,7,8,1
1426280,2024,Kolkata,2024-04-26,League,JM Bairstow,"Eden Gardens, Kolkata",Kolkata Knight Riders,Punjab Kings,Punjab Kings,field,Punjab Kings,wickets,8.0,262.0,20.0,N,Normal Match,AK Chaudhary,YC Barde,Chase,2024,True,523,8,261,262,6,2,0
1426281,2024,Delhi,2024-04-27,League,J Fraser-McGurk,"Arun Jaitley Stadium, Delhi",Delhi Capitals,Mumbai Indians,Mumbai Indians,field,Delhi Capitals,runs,10.0,258.0,20.0,N,Normal Match,Navdeep Singh,NA Patwardhan,Defend,2024,False,504,13,257,247,4,9,0
1426282,2024,Lucknow,2024-04-27,League,SV Samson,"Bharat Ratna Shri Atal Bihari Vajpayee Ekana Cricket Stadium, Lucknow",Lucknow Super Giants,Rajasthan Royals,Rajasthan Royals,field,Rajasthan Royals,wickets,7.0,197.0,20.0,N,Normal Match,KN Ananthapadmanabhan,MA Gough,Chase,2024,True,395,8,196,199,5,3,0
1426283,2024,Ahmedabad,2024-04-28,League,WG Jacks,"Narendra Modi Stadium, Ahmedabad",Gujarat Titans,Royal Challengers Bengaluru,Royal Challengers Bengaluru,field,Royal Challengers Bengaluru,wickets,9.0,201.0,20.0,N,Normal Match,Nitin Menon,VK Sharma,Chase,2024,True,406,4,200,206,3,1,0
1426284,2024,Chennai,2024-04-28,League,RD Gaikwad,"MA Chidambaram Stadium, Chepauk, Chennai",Chennai Super Kings,Sunrisers Hyderabad,Sunrisers Hyderabad,field,Chennai Super Kings,runs,78.0,213.0,20.0,N,Normal Match,R Pandit,MV Saidharshan Kumar,Defend,2024,False,346,13,212,134,3,10,0
1426285,2024,Kolkata,2024-04-29,League,CV Varun,"Eden Gardens, Kolkata",Delhi Capitals,Kolkata Knight Riders,Delhi Capitals,bat,Kolkata Knight Riders,wickets,7.0,154.0,20.0,N,Normal Match,Navdeep Singh,Tapan Sharma,Chase,2024,False,310,12,153,157,9,3,1
1426286,2024,Lucknow,2024-04-30,League,MP Stoinis,"Bharat Ratna Shri Atal Bihari Vajpayee Ekana Cricket Stadium, Lucknow",Mumbai Indians,Lucknow Super Giants,Lucknow Super Giants,field,Lucknow Super Giants,wickets,4.0,145.0,20.0,N,Normal Match,MA Gough,UV Gandhe,Chase,2024,True,289,13,144,145,7,6,0
1426287,2024,Chennai,2024-05-01,League,Harpreet Brar,"MA Chidambaram Stadium, Chepauk, Chennai",Chennai Super Kings,Punjab Kings,Punjab Kings,field,Punjab Kings,wickets,7.0,163.0,20.0,N,Normal Match,HAS Khalid,VK Sharma,Chase,2024,True,325,10,162,163,7,3,0
1426288,2024,Hyderabad,2024-05-02,League,B Kumar,"Rajiv Gandhi International Stadium, Uppal, Hyderabad",Sunrisers Hyderabad,Rajasthan Royals,Sunrisers Hyderabad,bat,Sunrisers Hyderabad,runs,1.0,202.0,20.0,N,Normal Match,AK Chaudhary,YC Barde,Defend,2024,True,401,10,201,200,3,7,1
1426289,2024,Mumbai,2024-05-03,League,VR Iyer,"Wankhede Stadium, Mumbai",Kolkata Knight Riders,Mumbai Indians,Mumbai Indians,field,Kolkata Knight Riders,runs,24.0,170.0,20.0,N,Normal Match,J Madanagopal,Tapan Sharma,Defend,2024,False,314,20,169,145,10,10,0
1426290,2024,Bengaluru,2024-05-04,League,Mohammed Siraj,"M Chinnaswamy Stadium, Bengaluru",Gujarat Titans,Royal Challengers Bengaluru,Royal Challengers Bengaluru,field,Royal Challengers Bengaluru,wickets,4.0,148.0,20.0,N,Normal Match,A Totre,Vinod Seshan,Chase,2024,True,299,16,147,152,10,6,0
1426291,2024,Dharamsala,2024-05-05,League,RA Jadeja,"Himachal Pradesh Cricket Association Stadium, Dharamsala",Chennai Super Kings,Punjab Kings,Punjab Kings,field,Chennai Super Kings,runs,28.0,168.0,20.0,N,Normal Match,A Nand Kishore,VA Kulkarni,Defend,2024,False,306,18,167,139,9,9,0
1426292,2024,Lucknow,2024-05-05,League,SP Narine,"Bharat Ratna Shri Atal Bihari Vajpayee Ekana Cricket Stadium, Lucknow",Kolkata Knight Riders,Lucknow Super Giants,Lucknow Super Giants,field,Kolkata Knight Riders,runs,98.0,236.0,20.0,N,Normal Match,MV Saidharshan Kumar,YC Barde,Defend,2024,False,372,16,235,137,6,10,0
1426293,2024,Mumbai,2024-05-06,League,SA Yadav,"Wankhede Stadium, Mumbai",Sunrisers Hyderabad,Mumbai Indians,Mumbai Indians,field,Mumbai Indians,wickets,7.0,174.0,20.0,N,Normal Match,Navdeep Singh,Tapan Sharma,Chase,2024,True,347,11,173,174,8,3,0
1426294,2024,Delhi,2024-05-07,League,Kuldeep Yadav,"Arun Jaitley Stadium, Delhi",Delhi Capitals,Rajasthan Royals,Rajasthan Royals,field,Delhi Capitals,runs,20.0,222.0,20.0,N,Normal Match,KN Ananthapadmanabhan,UV Gandhe,Defend,2024,False,422,16,221,201,8,8,0
1426295,2024,Hyderabad,2024-05-08,League,TM Head,"Rajiv Gandhi International Stadium, Uppal, Hyderabad",Lucknow Super Giants,Sunrisers Hyderabad,Lucknow Super Giants,bat,Sunrisers Hyderabad,wickets,10.0,166.0,20.0,N,Normal Match,MV Saidharshan Kumar,YC Barde,Chase,2024,False,332,4,165,167,4,0,1
1426296,2024,Dharamsala,2024-05-09,League,V Kohli,"Himachal Pradesh Cricket Association Stadium, Dharamsala",Royal Challengers Bengaluru,Punjab Kings,Punjab Kings,field,Royal Challengers Bengaluru,runs,60.0,242.0,20.0,N,Normal Match,Nitin Menon,HAS Khalid,Defend,2024,False,422,17,241,181,7,10,0
1426297,2024,Ahmedabad,2024-05-10,League,Shubman Gill,"Narendra Modi Stadium, Ahmedabad",Gujarat Titans,Chennai Super Kings,Chennai Super Kings,field,Gujarat Titans,runs,35.0,232.0,20.0,N,Normal Match,KN Ananthapadmanabhan,NA Patwardhan,Defend,2024,False,427,11,231,196,3,8,0
1426298,2024,Kolkata,2024-05-11,League,CV Varun,"Eden Gardens, Kolkata",Kolkata Knight Riders,Mumbai Indians,Mumbai Indians,field,Kolkata Knight Riders,runs,18.0,158.0,16.0,N,Normal Match,UV Gandhe,Vinod Seshan,Defend,2024,False,296,15,157,139,7,8,0
1426299,2024,Chennai,2024-05-12,League,Simarjeet Singh,"MA Chidambaram Stadium, Chepauk, Chennai",Rajasthan Royals,Chennai Super Kings,Rajasthan Royals,bat,Chennai Super Kings,wickets,5.0,142.0,20.0,N,Normal Match,R Pandit,YC Barde,Chase,2024,False,286,10,141,145,5,5,1
1426300,2024,Bengaluru,2024-05-12,League,C Green,"M Chinnaswamy Stadium, Bengaluru",Royal Challengers Bengaluru,Delhi Capitals,Delhi Capitals,field,Royal Challengers Bengaluru,runs,47.0,188.0,20.0,N,Normal Match,A Nand Kishore,VA Kulkarni,Defend,2024,False,327,19,187,140,9,10,0
1426302,2024,Delhi,2024-05-14,League,I Sharma,"Arun Jaitley Stadium, Delhi",Delhi Capitals,Lucknow Super Giants,Lucknow Super Giants,field,Delhi Capitals,runs,19.0,209.0,20.0,N,Normal Match,A Totre,Vinod Seshan,Defend,2024,False,397,13,208,189,4,9,0
1426303,2024,Guwahati,2024-05-15,League,SM Curran,"Barsapara Cricket Stadium, Guwahati",Rajasthan Royals,Punjab Kings,Rajasthan Royals,bat,Punjab Kings,wickets,5.0,145.0,20.0,N,Normal Match,R Pandit,MV Saidharshan Kumar,Chase,2024,False,289,14,144,145,9,5,1
1426305,2024,Mumbai,2024-05-17,League,N Pooran,"Wankhede Stadium, Mumbai",Lucknow Super Giants,Mumbai Indians,Mumbai Indians,field,Lucknow Super Giants,runs,18.0,215.0,20.0,N,Normal Match,Navdeep Singh,R Pandit,Defend,2024,False,410,12,214,196,6,6,0
1426306,2024,Bengaluru,2024-05-18,League,F du Plessis,"M Chinnaswamy Stadium, Bengaluru",Royal Challengers Bengaluru,Chennai Super Kings,Chennai Super Kings,field,Royal Challengers Bengaluru,runs,27.0,219.0,20.0,N,Normal Match,A Totre,KN Ananthapadmanabhan,Defend,2024,False,409,12,218,191,5,7,0
1426307,2024,Hyderabad,2024-05-19,League,Abhishek Sharma,"Rajiv Gandhi International Stadium, Uppal, Hyderabad",Punjab Kings,Sunrisers Hyderabad,Punjab Kings,bat,Sunrisers Hyderabad,wickets,4.0,215.0,20.0,N,Normal Match,Nitin Menon,VK Sharma,Chase,2024,False,429,11,214,215,5,6,1
1426309,2024,Ahmedabad,2024-05-21,Qualifier 1,MA Starc,"Narendra Modi Stadium, Ahmedabad",Sunrisers Hyderabad,Kolkata Knight Riders,Sunrisers Hyderabad,bat,Kolkata Knight Riders,wickets,8.0,160.0,20.0,N,Normal Match,AK Chaudhary,R Pandit,Chase,2024,False,323,12,159,164,10,2,1
1426310,2024,Ahmedabad,2024-05-22,Eliminator,R Ashwin,"Narendra Modi Stadium, Ahmedabad",Royal Challengers Bengaluru,Rajasthan Royals,Rajasthan Royals,field,Rajasthan Royals,wickets,4.0,173.0,20.0,N,Normal Match,KN Ananthapadmanabhan,MV Saidharshan Kumar,Chase,2024,True,346,14,172,174,8,6,0
1426311,2024,Chennai,2024-05-24,Qualifier 2,Shahbaz Ahmed,"MA Chidambaram Stadium, Chepauk, Chennai",Sunrisers Hyderabad,Rajasthan Royals,Rajasthan Royals,field,Sunrisers Hyderabad,runs,36.0,176.0,20.0,N,Normal Match,Nitin Menon,VK Sharma,Defend,2024,False,314,16,175,139,9,7,0
1426312,2024,Chennai,2024-05-26,Final,MA Starc,"MA Chidambaram Stadium, Chepauk, Chennai",Sunrisers Hyderabad,Kolkata Knight Riders,Sunrisers Hyderabad,bat,Kolkata Knight Riders,wickets,8.0,114.0,20.0,N,Normal Match,J Madanagopal,Nitin Menon,Chase,2024,False,227,12,113,114,10,2,1
